{"status":"safe","types":{"51":{"18":{"ann":"{VV : a | VV == b}","ident":"b","row":51,"col":18},"16":{"ann":"a -> b -> a","ident":"f","row":51,"col":16},"20":{"ann":"{VV : forall a <p :: a a -> Bool>.\n      {v : [a]<\\x3 VV -> {VV : a<p x3> | true}> | len v == 0\n                                                  && v == []} | VV == []}","ident":"_","row":51,"col":20},"9":{"ann":"a","ident":"lq_anf$##7205759403792818867","row":51,"col":9}},"73":{"51":{"ann":"{VV : forall a .\n      x1:a -> {VV : a | VV == id x1\n                        && VV == x1} | VV == id}","ident":"_","row":73,"col":51},"15":{"ann":"a","ident":"lq_anf$##7205759403792818927","row":73,"col":15},"37":{"ann":"x1:a -> x2:(b -> b) -> x4:b -> {VV : b | VV == construct f x1 x2 x4\n                                         && VV == x2 (f x4 x1)}","ident":"lq_anf$##7205759403792818924","row":73,"col":37},"48":{"ann":"a -> b -> a","ident":"f","row":73,"col":48},"28":{"ann":"{VV : a | VV == x}","ident":"x","row":73,"col":28},"30":{"ann":"a -> a","ident":"lq_anf$##7205759403792818926","row":73,"col":30},"26":{"ann":"a -> b -> a","ident":"f","row":73,"col":26},"58":{"ann":"{VV : a | VV == b}","ident":"b","row":73,"col":58},"9":{"ann":"(PropositionalEquality.EqT a)","ident":"lq_anf$##7205759403792818928","row":73,"col":9},"54":{"ann":"{v : [a] | len v >= 0\n           && v == xs}","ident":"xs","row":73,"col":54}},"15":{"25":{"ann":"a -> b -> a","ident":"f","row":15,"col":25},"28":{"ann":"x1:a -> x2:[b] -> {VV : a | VV == foldl' f x1 x2\n                            && VV == foldr (construct f) id x2 x1}","ident":"lq_anf$##7205759403792818851","row":15,"col":28},"36":{"ann":"a -> b -> a","ident":"f","row":15,"col":36},"12":{"ann":"x1:(a -> (PropositionalEquality.EqT [b] -> a)) -> {v : (PropositionalEquality.EqT a -> [b] -> a) | EqFun##lqdc##$select v == x1}","ident":"lq_anf$##7205759403792818852","row":15,"col":12},"18":{"ann":"x1:a -> x2:[b] -> {VV : a | VV == foldl f x1 x2}","ident":"lq_anf$##7205759403792818850","row":15,"col":18},"42":{"ann":"a","ident":"b","row":15,"col":42}},"61":{"23":{"ann":"{v : [a] | len v >= 0\n           && v == xs}","ident":"xs","row":61,"col":23},"18":{"ann":"{VV : a | VV == b}","ident":"b","row":61,"col":18},"16":{"ann":"a -> b -> a","ident":"f","row":61,"col":16},"20":{"ann":"{v : [a] | tail v == xs\n           && head v == x\n           && lqdc##$select v == xs\n           && lqdc##$select v == x\n           && len v == 1 + len xs\n           && v == : x xs}","ident":"lq_anf$##7205759403792818884","row":61,"col":20},"21":{"ann":"{VV : a | VV == x}","ident":"x","row":61,"col":21},"9":{"ann":"a","ident":"lq_anf$##7205759403792818885","row":61,"col":9}},"96":{"15":{"ann":"{VV : a | VV == b}","ident":"b","row":96,"col":15},"7":{"ann":"a","ident":"lq_anf$##7205759403792818801","row":96,"col":7},"13":{"ann":"a -> b -> a","ident":"f","row":96,"col":13},"17":{"ann":"{v : [a] | tail v == xs\n           && head v == x\n           && lqdc##$select v == xs\n           && lqdc##$select v == x\n           && len v == 1 + len xs\n           && v == : x xs}","ident":"lq_anf$##7205759403792818800","row":96,"col":17},"18":{"ann":"{VV : a | VV == x}","ident":"x","row":96,"col":18},"20":{"ann":"{v : [a] | len v >= 0\n           && v == xs}","ident":"xs","row":96,"col":20}},"106":{"1":{"ann":"forall a b .\nx1:(a -> b -> a) -> x4:a -> x5:[b] -> {VV : a | VV == foldl x1 x4 x5}","ident":"Folds.foldl","row":106,"col":1},"20":{"ann":"{VV : a | VV == b}","ident":"b","row":106,"col":20},"9":{"ann":"a","ident":"b","row":106,"col":9}},"124":{"1":{"ann":"forall a b .\nx1:(a -> b -> b) -> x4:b -> x5:[a] -> {VV : b | VV == foldr x1 x4 x5}","ident":"Folds.foldr","row":124,"col":1},"20":{"ann":"{VV : a | VV == b}","ident":"b","row":124,"col":20},"9":{"ann":"a","ident":"b","row":124,"col":9}},"78":{"13":{"ann":"[a]","ident":"xs","row":78,"col":13},"1":{"ann":"forall a b .\nx1:(a -> b -> a) -> x4:a -> x5:[b] -> {VV : () | foldl x1 x4 x5 == foldl' x1 x4 x5}","ident":"Folds.theorem","row":78,"col":1},"11":{"ann":"a","ident":"b","row":78,"col":11},"9":{"ann":"a -> b -> a","ident":"f","row":78,"col":9}},"43":{"19":{"ann":"a -> b -> a","ident":"f","row":43,"col":19},"23":{"ann":"{v : [a] | len v >= 0\n           && v == xs}","ident":"xs","row":43,"col":23},"5":{"ann":"(PropositionalEquality.EqT a)","ident":"lq_anf$##7205759403792818937","row":43,"col":5},"11":{"ann":"{VV : a | VV == foldl' f b xs\n          && VV == foldr (construct f) id xs b}","ident":"lq_anf$##7205759403792818936","row":43,"col":11},"21":{"ann":"{VV : a | VV == b}","ident":"b","row":43,"col":21}},"82":{"7":{"ann":"{VV : a | VV == foldl f b xs}","ident":"lq_anf$##7205759403792818830","row":82,"col":7},"14":{"ann":"a -> b -> a","ident":"f","row":82,"col":14},"18":{"ann":"{v : [a] | len v >= 0\n           && v == xs}","ident":"xs","row":82,"col":18},"16":{"ann":"{VV : a | VV == b}","ident":"b","row":82,"col":16}},"28":{"12":{"ann":"x1:((a -> b -> a) -> (PropositionalEquality.EqT a -> [b] -> a)) -> {v : (PropositionalEquality.EqT (a -> b -> a) -> a -> [b] -> a) | EqFun##lqdc##$select v == x1}","ident":"lq_anf$##7205759403792818946","row":28,"col":12},"1":{"ann":"forall a b .\n(PEqProperties.Reflexivity<[]> a, PEqProperties.Transitivity<[]> a) =>\n{VV : (PropositionalEquality.EqT (a -> b -> a) -> a -> [b] -> a) | eqT foldl foldl'}","ident":"Folds.foldEq''","row":28,"col":1},"18":{"ann":"forall a b .\nx1:(a -> b -> a) -> x4:a -> x5:[b] -> {VV : a | VV == foldl x1 x4 x5}","ident":"Folds.foldl","row":28,"col":18},"34":{"ann":"a -> b -> a","ident":"f","row":28,"col":34},"24":{"ann":"{VV : forall a b .\n      x1:(a -> b -> a) -> x4:a -> x5:[b] -> {VV : a | VV == foldl' x1 x4 x5\n                                                      && VV == foldr (construct x1) id x5 x4} | VV == foldl'}","ident":"_","row":28,"col":24}},"57":{"36":{"ann":"{VV : forall a <p :: a a -> Bool>.\n      {v : [a]<\\x3 VV -> {VV : a<p x3> | true}> | len v == 0\n                                                  && v == []} | VV == []}","ident":"_","row":57,"col":36},"19":{"ann":"x1:a -> x2:(b -> b) -> x4:b -> {VV : b | VV == construct f x1 x2 x4\n                                         && VV == x2 (f x4 x1)}","ident":"lq_anf$##7205759403792818876","row":57,"col":19},"12":{"ann":"a","ident":"lq_anf$##7205759403792818879","row":57,"col":12},"30":{"ann":"a -> b -> a","ident":"f","row":57,"col":30},"39":{"ann":"{VV : a | VV == b}","ident":"b","row":57,"col":39},"33":{"ann":"{VV : forall a .\n      x1:a -> {VV : a | VV == id x1\n                        && VV == x1} | VV == id}","ident":"_","row":57,"col":33}},"31":{"84":{"ann":"{VV : a | VV == b}","ident":"b","row":31,"col":84},"73":{"ann":"{VV : a | VV == foldl' f b xs\n          && VV == foldr (construct f) id xs b}","ident":"lq_anf$##7205759403792818957","row":31,"col":73},"37":{"ann":"{VV : a | VV == b}","ident":"b","row":31,"col":37},"61":{"ann":"a -> b -> a","ident":"f","row":31,"col":61},"43":{"ann":"a","ident":"lq_anf$##7205759403792818956","row":31,"col":43},"82":{"ann":"a -> b -> a","ident":"f","row":31,"col":82},"28":{"ann":"{VV : a | VV == foldl f b xs}","ident":"lq_anf$##7205759403792818953","row":31,"col":28},"50":{"ann":"x1:a -> x2:(b -> b) -> x4:b -> {VV : b | VV == construct f x1 x2 x4\n                                         && VV == x2 (f x4 x1)}","ident":"lq_anf$##7205759403792818954","row":31,"col":50},"86":{"ann":"{v : [a] | len v >= 0\n           && v == xs}","ident":"xs","row":31,"col":86},"35":{"ann":"a -> b -> a","ident":"f","row":31,"col":35},"67":{"ann":"{v : [a] | len v >= 0\n           && v == xs}","ident":"xs","row":31,"col":67},"70":{"ann":"{VV : a | VV == b}","ident":"b","row":31,"col":70},"39":{"ann":"{v : [a] | len v >= 0\n           && v == xs}","ident":"xs","row":31,"col":39},"64":{"ann":"{VV : forall a .\n      x1:a -> {VV : a | VV == id x1\n                        && VV == x1} | VV == id}","ident":"_","row":31,"col":64}},"14":{"22":{"ann":"{VV : forall a b .\n      x1:(a -> b -> a) -> x4:a -> x5:[b] -> {VV : a | VV == foldl' x1 x4 x5\n                                                      && VV == foldr (construct x1) id x5 x4} | VV == foldl'}","ident":"_","row":14,"col":22},"1":{"ann":"forall a b .\n(PropositionalEquality.AEq<[]> a) =>\n{VV : (PropositionalEquality.EqT (a -> b -> a) -> a -> [b] -> a) | eqT foldl foldl'}","ident":"Folds.foldEq","row":14,"col":1},"16":{"ann":"forall a b .\nx1:(a -> b -> a) -> x4:a -> x5:[b] -> {VV : a | VV == foldl x1 x4 x5}","ident":"Folds.foldl","row":14,"col":16},"10":{"ann":"x1:((a -> b -> a) -> (PropositionalEquality.EqT a -> [b] -> a)) -> {v : (PropositionalEquality.EqT (a -> b -> a) -> a -> [b] -> a) | EqFun##lqdc##$select v == x1}","ident":"lq_anf$##7205759403792818849","row":14,"col":10},"32":{"ann":"a -> b -> a","ident":"f","row":14,"col":32}},"50":{"13":{"ann":"a","ident":"b","row":50,"col":13},"1":{"ann":"forall a b .\n(PEqProperties.Reflexivity<[]> a, PEqProperties.Transitivity<[]> a) =>\nx3:(a -> b -> a) -> x6:a -> x7:[b] -> {VV : (PropositionalEquality.EqT a) | eqT (foldl x3 x6 x7) (foldr (construct x3) id x7 x6)}","ident":"Folds.foldLemma","row":50,"col":1},"11":{"ann":"a -> b -> a","ident":"f","row":50,"col":11}},"72":{"15":{"ann":"a","ident":"lq_anf$##7205759403792818922","row":72,"col":15},"36":{"ann":"{VV : forall a .\n      x1:a -> {VV : a | VV == id x1\n                        && VV == x1} | VV == id}","ident":"_","row":72,"col":36},"22":{"ann":"x1:a -> x2:(b -> b) -> x4:b -> {VV : b | VV == construct f x1 x2 x4\n                                         && VV == x2 (f x4 x1)}","ident":"lq_anf$##7205759403792818919","row":72,"col":22},"45":{"ann":"{VV : a | VV == b}","ident":"b","row":72,"col":45},"39":{"ann":"{v : [a] | len v >= 0\n           && v == xs}","ident":"xs","row":72,"col":39},"33":{"ann":"a -> b -> a","ident":"f","row":72,"col":33},"47":{"ann":"{VV : a | VV == x}","ident":"x","row":72,"col":47},"42":{"ann":"{VV : a | VV == f b x}","ident":"lq_anf$##7205759403792818921","row":72,"col":42},"9":{"ann":"(PropositionalEquality.EqT a)","ident":"lq_anf$##7205759403792818923","row":72,"col":9}},"101":{"37":{"ann":"{VV : a | VV == b}","ident":"b","row":101,"col":37},"7":{"ann":"a","ident":"lq_anf$##7205759403792818821","row":101,"col":7},"13":{"ann":"x1:a -> x2:(b -> b) -> x4:b -> {VV : b | VV == construct f x1 x2 x4\n                                         && VV == x2 (f x4 x1)}","ident":"lq_anf$##7205759403792818818","row":101,"col":13},"31":{"ann":"{VV : a | VV == x}","ident":"x","row":101,"col":31},"30":{"ann":"{v : [a] | tail v == xs\n           && head v == x\n           && lqdc##$select v == xs\n           && lqdc##$select v == x\n           && len v == 1 + len xs\n           && v == : x xs}","ident":"lq_anf$##7205759403792818820","row":101,"col":30},"27":{"ann":"{VV : forall a .\n      x1:a -> {VV : a | VV == id x1\n                        && VV == x1} | VV == id}","ident":"_","row":101,"col":27},"33":{"ann":"{v : [a] | len v >= 0\n           && v == xs}","ident":"xs","row":101,"col":33},"24":{"ann":"a -> b -> a","ident":"f","row":101,"col":24}},"22":{"37":{"ann":"a -> b -> a","ident":"f","row":22,"col":37},"43":{"ann":"a","ident":"b","row":22,"col":43},"13":{"ann":"x1:(a -> (PropositionalEquality.EqT [b] -> a)) -> {v : (PropositionalEquality.EqT a -> [b] -> a) | EqFun##lqdc##$select v == x1}","ident":"lq_anf$##7205759403792818837","row":22,"col":13},"19":{"ann":"x1:a -> x2:[b] -> {VV : a | VV == foldl f x1 x2}","ident":"lq_anf$##7205759403792818835","row":22,"col":19},"29":{"ann":"x1:a -> x2:[b] -> {VV : a | VV == foldl' f x1 x2\n                            && VV == foldr (construct f) id x2 x1}","ident":"lq_anf$##7205759403792818836","row":22,"col":29},"26":{"ann":"a -> b -> a","ident":"f","row":22,"col":26}},"44":{"19":{"ann":"{VV : a | VV == b}","ident":"b","row":44,"col":19},"17":{"ann":"a -> b -> a","ident":"f","row":44,"col":17},"21":{"ann":"{v : [a] | len v >= 0\n           && v == xs}","ident":"xs","row":44,"col":21},"10":{"ann":"{VV : a | VV == foldl f b xs}","ident":"lq_anf$##7205759403792818938","row":44,"col":10}},"66":{"36":{"ann":"{v : [a] | len v >= 0\n           && v == xs}","ident":"xs","row":66,"col":36},"19":{"ann":"x1:a -> x2:(b -> b) -> x4:b -> {VV : b | VV == construct f x1 x2 x4\n                                         && VV == x2 (f x4 x1)}","ident":"lq_anf$##7205759403792818897","row":66,"col":19},"44":{"ann":"{VV : a | VV == x}","ident":"x","row":66,"col":44},"12":{"ann":"a","ident":"lq_anf$##7205759403792818900","row":66,"col":12},"30":{"ann":"a -> b -> a","ident":"f","row":66,"col":30},"39":{"ann":"{VV : a | VV == f b x}","ident":"lq_anf$##7205759403792818899","row":66,"col":39},"33":{"ann":"{VV : forall a .\n      x1:a -> {VV : a | VV == id x1\n                        && VV == x1} | VV == id}","ident":"_","row":66,"col":33},"42":{"ann":"{VV : a | VV == b}","ident":"b","row":66,"col":42}},"91":{"7":{"ann":"{VV : a | VV == id b\n          && VV == b}","ident":"lq_anf$##7205759403792818788","row":91,"col":7},"10":{"ann":"{VV : a | VV == b}","ident":"b","row":91,"col":10}},"88":{"7":{"ann":"a -> b -> a","ident":"f","row":88,"col":7},"1":{"ann":"forall a b .\nx1:(a -> b -> a) -> x4:a -> x5:[b] -> {VV : () | foldl x1 x4 x5 == foldr (construct x1) id x5 x4}","ident":"Folds.lemma","row":88,"col":1},"9":{"ann":"a","ident":"b","row":88,"col":9}},"83":{"7":{"ann":"{v : Language.Haskell.Liquid.ProofCombinators.QED | v == QED}","ident":"Language.Haskell.Liquid.ProofCombinators.QED","row":83,"col":7}},"29":{"22":{"ann":"x1:a -> x2:[b] -> {VV : a | VV == foldl f x1 x2}","ident":"lq_anf$##7205759403792818947","row":29,"col":22},"29":{"ann":"a -> b -> a","ident":"f","row":29,"col":29},"40":{"ann":"a -> b -> a","ident":"f","row":29,"col":40},"16":{"ann":"x1:(a -> (PropositionalEquality.EqT [b] -> a)) -> {v : (PropositionalEquality.EqT a -> [b] -> a) | EqFun##lqdc##$select v == x1}","ident":"lq_anf$##7205759403792818949","row":29,"col":16},"46":{"ann":"a","ident":"b","row":29,"col":46},"32":{"ann":"x1:a -> x2:[b] -> {VV : a | VV == foldl' f x1 x2\n                            && VV == foldr (construct f) id x2 x1}","ident":"lq_anf$##7205759403792818948","row":29,"col":32}},"56":{"12":{"ann":"{VV : a | VV == id b\n          && VV == b}","ident":"lq_anf$##7205759403792818875","row":56,"col":12},"16":{"ann":"{VV : a | VV == b}","ident":"b","row":56,"col":16}},"30":{"48":{"ann":"{VV : a | VV == b}","ident":"b","row":30,"col":48},"35":{"ann":"{VV : a | VV == b}","ident":"b","row":30,"col":35},"26":{"ann":"x1:[a] -> {VV : b | VV == foldl f b x1}","ident":"lq_anf$##7205759403792818950","row":30,"col":26},"20":{"ann":"x1:([a] -> (PropositionalEquality.EqT b)) -> {v : (PropositionalEquality.EqT [a] -> b) | EqFun##lqdc##$select v == x1}","ident":"lq_anf$##7205759403792818952","row":30,"col":20},"46":{"ann":"a -> b -> a","ident":"f","row":30,"col":46},"33":{"ann":"a -> b -> a","ident":"f","row":30,"col":33},"38":{"ann":"x1:[a] -> {VV : b | VV == foldl' f b x1\n                    && VV == foldr (construct f) id x1 b}","ident":"lq_anf$##7205759403792818951","row":30,"col":38},"54":{"ann":"[a]","ident":"xs","row":30,"col":54}},"116":{"1":{"ann":"forall a .\nx1:a -> {VV : a | VV == id x1\n                  && VV == x1}","ident":"Folds.id","row":116,"col":1},"4":{"ann":"a","ident":"x","row":116,"col":4}},"53":{"36":{"ann":"{VV : a | VV == b}","ident":"b","row":53,"col":36},"30":{"ann":"{VV : forall a .\n      x1:a -> {VV : a | VV == id x1\n                        && VV == x1} | VV == id}","ident":"_","row":53,"col":30},"16":{"ann":"x1:a -> x2:(b -> b) -> x4:b -> {VV : b | VV == construct f x1 x2 x4\n                                         && VV == x2 (f x4 x1)}","ident":"lq_anf$##7205759403792818868","row":53,"col":16},"27":{"ann":"a -> b -> a","ident":"f","row":53,"col":27},"33":{"ann":"{VV : forall a <p :: a a -> Bool>.\n      {v : [a]<\\x3 VV -> {VV : a<p x3> | true}> | len v == 0\n                                                  && v == []} | VV == []}","ident":"_","row":53,"col":33},"9":{"ann":"a","ident":"lq_anf$##7205759403792818871","row":53,"col":9}},"71":{"14":{"ann":"a","ident":"lq_anf$##7205759403792818918","row":71,"col":14},"35":{"ann":"{VV : forall a .\n      x1:a -> {VV : a | VV == id x1\n                        && VV == x1} | VV == id}","ident":"_","row":71,"col":35},"45":{"ann":"{VV : a | VV == b}","ident":"b","row":71,"col":45},"39":{"ann":"{VV : a | VV == x}","ident":"x","row":71,"col":39},"41":{"ann":"{v : [a] | len v >= 0\n           && v == xs}","ident":"xs","row":71,"col":41},"38":{"ann":"{v : [a] | tail v == xs\n           && head v == x\n           && lqdc##$select v == xs\n           && lqdc##$select v == x\n           && len v == 1 + len xs\n           && v == : x xs}","ident":"lq_anf$##7205759403792818917","row":71,"col":38},"21":{"ann":"x1:a -> x2:(b -> b) -> x4:b -> {VV : b | VV == construct f x1 x2 x4\n                                         && VV == x2 (f x4 x1)}","ident":"lq_anf$##7205759403792818915","row":71,"col":21},"32":{"ann":"a -> b -> a","ident":"f","row":71,"col":32}},"17":{"84":{"ann":"a -> b -> a","ident":"f","row":17,"col":84},"37":{"ann":"{VV : a | VV == foldl' f b xs\n          && VV == foldr (construct f) id xs b}","ident":"lq_anf$##7205759403792818857","row":17,"col":37},"31":{"ann":"{VV : a | VV == b}","ident":"b","row":17,"col":31},"49":{"ann":"{v : [a] | len v >= 0\n           && v == xs}","ident":"xs","row":17,"col":49},"22":{"ann":"{VV : a | VV == foldl f b xs}","ident":"lq_anf$##7205759403792818856","row":17,"col":22},"66":{"ann":"{v : [a] | len v >= 0\n           && v == xs}","ident":"xs","row":17,"col":66},"88":{"ann":"{v : [a] | len v >= 0\n           && v == xs}","ident":"xs","row":17,"col":88},"29":{"ann":"a -> b -> a","ident":"f","row":17,"col":29},"86":{"ann":"{VV : a | VV == b}","ident":"b","row":17,"col":86},"53":{"ann":"()","ident":"lq_anf$##7205759403792818861","row":17,"col":53},"71":{"ann":"()","ident":"lq_anf$##7205759403792818860","row":17,"col":71},"45":{"ann":"a -> b -> a","ident":"f","row":17,"col":45},"62":{"ann":"a -> b -> a","ident":"f","row":17,"col":62},"64":{"ann":"{VV : a | VV == b}","ident":"b","row":17,"col":64},"77":{"ann":"{VV : a | VV == foldl f b xs}","ident":"lq_anf$##7205759403792818859","row":17,"col":77},"33":{"ann":"{v : [a] | len v >= 0\n           && v == xs}","ident":"xs","row":17,"col":33},"47":{"ann":"{VV : a | VV == b}","ident":"b","row":17,"col":47},"54":{"ann":"{v : () | foldl f b xs == foldl' f b xs\n          && v == theorem f b xs}","ident":"lq_anf$##7205759403792818858","row":17,"col":54}},"68":{"7":{"ann":"(PropositionalEquality.EqT a)","ident":"lq_anf$##7205759403792818906","row":68,"col":7},"25":{"ann":"{VV : a | VV == x}","ident":"x","row":68,"col":25},"28":{"ann":"{v : [a] | len v >= 0\n           && v == xs}","ident":"xs","row":68,"col":28},"23":{"ann":"{VV : a | VV == b}","ident":"b","row":68,"col":23},"18":{"ann":"a -> b -> a","ident":"f","row":68,"col":18},"20":{"ann":"{VV : a | VV == f b x}","ident":"lq_anf$##7205759403792818905","row":68,"col":20}},"45":{"37":{"ann":"{VV : a | VV == b}","ident":"b","row":45,"col":37},"28":{"ann":"a -> b -> a","ident":"f","row":45,"col":28},"31":{"ann":"{VV : forall a .\n      x1:a -> {VV : a | VV == id x1\n                        && VV == x1} | VV == id}","ident":"_","row":45,"col":31},"17":{"ann":"x1:a -> x2:(b -> b) -> x4:b -> {VV : b | VV == construct f x1 x2 x4\n                                         && VV == x2 (f x4 x1)}","ident":"lq_anf$##7205759403792818939","row":45,"col":17},"34":{"ann":"{v : [a] | len v >= 0\n           && v == xs}","ident":"xs","row":45,"col":34},"10":{"ann":"a","ident":"lq_anf$##7205759403792818941","row":45,"col":10}},"67":{"37":{"ann":"{VV : a | VV == x}","ident":"x","row":67,"col":37},"43":{"ann":"{VV : a | VV == b}","ident":"b","row":67,"col":43},"36":{"ann":"{v : [a] | tail v == xs\n           && head v == x\n           && lqdc##$select v == xs\n           && lqdc##$select v == x\n           && len v == 1 + len xs\n           && v == : x xs}","ident":"lq_anf$##7205759403792818903","row":67,"col":36},"19":{"ann":"x1:a -> x2:(b -> b) -> x4:b -> {VV : b | VV == construct f x1 x2 x4\n                                         && VV == x2 (f x4 x1)}","ident":"lq_anf$##7205759403792818901","row":67,"col":19},"12":{"ann":"a","ident":"lq_anf$##7205759403792818904","row":67,"col":12},"30":{"ann":"a -> b -> a","ident":"f","row":67,"col":30},"39":{"ann":"{v : [a] | len v >= 0\n           && v == xs}","ident":"xs","row":67,"col":39},"33":{"ann":"{VV : forall a .\n      x1:a -> {VV : a | VV == id x1\n                        && VV == x1} | VV == id}","ident":"_","row":67,"col":33}},"90":{"7":{"ann":"{VV : a | VV == b}","ident":"b","row":90,"col":7}},"89":{"15":{"ann":"{VV : a | VV == b}","ident":"b","row":89,"col":15},"7":{"ann":"a","ident":"lq_anf$##7205759403792818786","row":89,"col":7},"13":{"ann":"a -> b -> a","ident":"f","row":89,"col":13},"17":{"ann":"{VV : forall a <p :: a a -> Bool>.\n      {v : [a]<\\x3 VV -> {VV : a<p x3> | true}> | len v == 0\n                                                  && v == []} | VV == []}","ident":"_","row":89,"col":17}},"100":{"7":{"ann":"a","ident":"lq_anf$##7205759403792818816","row":100,"col":7},"28":{"ann":"x1:a -> x2:(b -> b) -> x4:b -> {VV : b | VV == construct f x1 x2 x4\n                                         && VV == x2 (f x4 x1)}","ident":"lq_anf$##7205759403792818813","row":100,"col":28},"49":{"ann":"{VV : a | VV == b}","ident":"b","row":100,"col":49},"19":{"ann":"{VV : a | VV == x}","ident":"x","row":100,"col":19},"17":{"ann":"a -> b -> a","ident":"f","row":100,"col":17},"45":{"ann":"{v : [a] | len v >= 0\n           && v == xs}","ident":"xs","row":100,"col":45},"39":{"ann":"a -> b -> a","ident":"f","row":100,"col":39},"21":{"ann":"a -> a","ident":"lq_anf$##7205759403792818815","row":100,"col":21},"42":{"ann":"{VV : forall a .\n      x1:a -> {VV : a | VV == id x1\n                        && VV == x1} | VV == id}","ident":"_","row":100,"col":42}},"1":{"1":{"ann":"GHC.Types.Module","ident":"Folds.$trModule","row":1,"col":1}},"23":{"15":{"ann":"x1:([a] -> (PropositionalEquality.EqT b)) -> {v : (PropositionalEquality.EqT [a] -> b) | EqFun##lqdc##$select v == x1}","ident":"lq_anf$##7205759403792818840","row":23,"col":15},"43":{"ann":"{VV : a | VV == b}","ident":"b","row":23,"col":43},"28":{"ann":"a -> b -> a","ident":"f","row":23,"col":28},"49":{"ann":"[a]","ident":"xs","row":23,"col":49},"30":{"ann":"{VV : a | VV == b}","ident":"b","row":23,"col":30},"41":{"ann":"a -> b -> a","ident":"f","row":23,"col":41},"33":{"ann":"x1:[a] -> {VV : b | VV == foldl' f b x1\n                    && VV == foldr (construct f) id x1 b}","ident":"lq_anf$##7205759403792818839","row":23,"col":33},"21":{"ann":"x1:[a] -> {VV : b | VV == foldl f b x1}","ident":"lq_anf$##7205759403792818838","row":23,"col":21}},"40":{"19":{"ann":"a -> b -> a","ident":"f","row":40,"col":19},"23":{"ann":"{v : [a] | len v >= 0\n           && v == xs}","ident":"xs","row":40,"col":23},"11":{"ann":"{VV : a | VV == foldl' f b xs\n          && VV == foldr (construct f) id xs b}","ident":"lq_anf$##7205759403792818931","row":40,"col":11},"21":{"ann":"{VV : a | VV == b}","ident":"b","row":40,"col":21}},"62":{"23":{"ann":"{VV : a | VV == x}","ident":"x","row":62,"col":23},"18":{"ann":"{VV : a | VV == f b x}","ident":"lq_anf$##7205759403792818886","row":62,"col":18},"26":{"ann":"{v : [a] | len v >= 0\n           && v == xs}","ident":"xs","row":62,"col":26},"16":{"ann":"a -> b -> a","ident":"f","row":62,"col":16},"21":{"ann":"{VV : a | VV == b}","ident":"b","row":62,"col":21},"9":{"ann":"a","ident":"lq_anf$##7205759403792818887","row":62,"col":9}},"59":{"7":{"ann":"(PropositionalEquality.EqT a)","ident":"lq_anf$##7205759403792818882","row":59,"col":7},"13":{"ann":"{VV : a | VV == id b\n          && VV == b}","ident":"lq_anf$##7205759403792818881","row":59,"col":13},"17":{"ann":"{VV : a | VV == b}","ident":"b","row":59,"col":17}},"52":{"9":{"ann":"{VV : a | VV == b}","ident":"b","row":52,"col":9}},"70":{"25":{"ann":"a -> b -> a","ident":"f","row":70,"col":25},"57":{"ann":"{VV : a | VV == b}","ident":"b","row":70,"col":57},"14":{"ann":"a","ident":"lq_anf$##7205759403792818914","row":70,"col":14},"36":{"ann":"x1:a -> x2:(b -> b) -> x4:b -> {VV : b | VV == construct f x1 x2 x4\n                                         && VV == x2 (f x4 x1)}","ident":"lq_anf$##7205759403792818911","row":70,"col":36},"50":{"ann":"{VV : forall a .\n      x1:a -> {VV : a | VV == id x1\n                        && VV == x1} | VV == id}","ident":"_","row":70,"col":50},"29":{"ann":"a -> a","ident":"lq_anf$##7205759403792818913","row":70,"col":29},"53":{"ann":"{v : [a] | len v >= 0\n           && v == xs}","ident":"xs","row":70,"col":53},"27":{"ann":"{VV : a | VV == x}","ident":"x","row":70,"col":27},"47":{"ann":"a -> b -> a","ident":"f","row":70,"col":47}},"16":{"48":{"ann":"[a]","ident":"xs","row":16,"col":48},"14":{"ann":"x1:([a] -> (PropositionalEquality.EqT b)) -> {v : (PropositionalEquality.EqT [a] -> b) | EqFun##lqdc##$select v == x1}","ident":"lq_anf$##7205759403792818855","row":16,"col":14},"29":{"ann":"{VV : a | VV == b}","ident":"b","row":16,"col":29},"40":{"ann":"a -> b -> a","ident":"f","row":16,"col":40},"20":{"ann":"x1:[a] -> {VV : b | VV == foldl f b x1}","ident":"lq_anf$##7205759403792818853","row":16,"col":20},"27":{"ann":"a -> b -> a","ident":"f","row":16,"col":27},"42":{"ann":"{VV : a | VV == b}","ident":"b","row":16,"col":42},"32":{"ann":"x1:[a] -> {VV : b | VV == foldl' f b x1\n                    && VV == foldr (construct f) id x1 b}","ident":"lq_anf$##7205759403792818854","row":16,"col":32}},"69":{"14":{"ann":"a","ident":"lq_anf$##7205759403792818910","row":69,"col":14},"44":{"ann":"{VV : a | VV == b}","ident":"b","row":69,"col":44},"35":{"ann":"{VV : forall a .\n      x1:a -> {VV : a | VV == id x1\n                        && VV == x1} | VV == id}","ident":"_","row":69,"col":35},"46":{"ann":"{VV : a | VV == x}","ident":"x","row":69,"col":46},"41":{"ann":"{VV : a | VV == f b x}","ident":"lq_anf$##7205759403792818909","row":69,"col":41},"38":{"ann":"{v : [a] | len v >= 0\n           && v == xs}","ident":"xs","row":69,"col":38},"21":{"ann":"x1:a -> x2:(b -> b) -> x4:b -> {VV : b | VV == construct f x1 x2 x4\n                                         && VV == x2 (f x4 x1)}","ident":"lq_anf$##7205759403792818907","row":69,"col":21},"32":{"ann":"a -> b -> a","ident":"f","row":69,"col":32}},"39":{"14":{"ann":"[a]","ident":"xs","row":39,"col":14},"12":{"ann":"a","ident":"b","row":39,"col":12},"1":{"ann":"forall a b .\n(PEqProperties.Reflexivity<[]> a, PEqProperties.Symmetry<[]> a, PEqProperties.Transitivity<[]> a) =>\nx4:(a -> b -> a) -> x7:a -> x8:[b] -> {VV : (PropositionalEquality.EqT a) | eqT (foldl x4 x7 x8) (foldl' x4 x7 x8)}","ident":"Folds.foldSame","row":39,"col":1},"10":{"ann":"a -> b -> a","ident":"f","row":39,"col":10}},"46":{"19":{"ann":"a -> b -> a","ident":"f","row":46,"col":19},"23":{"ann":"{v : [a] | len v >= 0\n           && v == xs}","ident":"xs","row":46,"col":23},"8":{"ann":"{v : (PropositionalEquality.EqT a) | eqT (foldl f b xs) (foldr (construct f) id xs b)\n                                     && v == foldLemma f b xs}","ident":"lq_anf$##7205759403792818942","row":46,"col":8},"21":{"ann":"{VV : a | VV == b}","ident":"b","row":46,"col":21}},"64":{"25":{"ann":"{v : [a] | len v >= 0\n           && v == xs}","ident":"xs","row":64,"col":25},"22":{"ann":"{v : [a] | tail v == xs\n           && head v == x\n           && lqdc##$select v == xs\n           && lqdc##$select v == x\n           && len v == 1 + len xs\n           && v == : x xs}","ident":"lq_anf$##7205759403792818892","row":64,"col":22},"23":{"ann":"{VV : a | VV == x}","ident":"x","row":64,"col":23},"18":{"ann":"a -> b -> a","ident":"f","row":64,"col":18},"20":{"ann":"{VV : a | VV == b}","ident":"b","row":64,"col":20},"5":{"ann":"(PropositionalEquality.EqT a)","ident":"lq_anf$##7205759403792818894","row":64,"col":5},"11":{"ann":"a","ident":"lq_anf$##7205759403792818893","row":64,"col":11}},"93":{"7":{"ann":"a","ident":"lq_anf$##7205759403792818798","row":93,"col":7},"13":{"ann":"x1:a -> x2:(b -> b) -> x4:b -> {VV : b | VV == construct f x1 x2 x4\n                                         && VV == x2 (f x4 x1)}","ident":"lq_anf$##7205759403792818795","row":93,"col":13},"30":{"ann":"{VV : forall a <p :: a a -> Bool>.\n      {v : [a]<\\x3 VV -> {VV : a<p x3> | true}> | len v == 0\n                                                  && v == []} | VV == []}","ident":"_","row":93,"col":30},"27":{"ann":"{VV : forall a .\n      x1:a -> {VV : a | VV == id x1\n                        && VV == x1} | VV == id}","ident":"_","row":93,"col":27},"33":{"ann":"{VV : a | VV == b}","ident":"b","row":93,"col":33},"24":{"ann":"a -> b -> a","ident":"f","row":93,"col":24}},"94":{"7":{"ann":"{v : Language.Haskell.Liquid.ProofCombinators.QED | v == QED}","ident":"Language.Haskell.Liquid.ProofCombinators.QED","row":94,"col":7}},"58":{"7":{"ann":"{v : (PropositionalEquality.EqT a) | eqT b b\n                                     && v == refl b}","ident":"lq_anf$##7205759403792818880","row":58,"col":7},"13":{"ann":"{VV : a | VV == b}","ident":"b","row":58,"col":13}},"41":{"36":{"ann":"{VV : a | VV == b}","ident":"b","row":41,"col":36},"30":{"ann":"{VV : forall a .\n      x1:a -> {VV : a | VV == id x1\n                        && VV == x1} | VV == id}","ident":"_","row":41,"col":30},"16":{"ann":"x1:a -> x2:(b -> b) -> x4:b -> {VV : b | VV == construct f x1 x2 x4\n                                         && VV == x2 (f x4 x1)}","ident":"lq_anf$##7205759403792818932","row":41,"col":16},"27":{"ann":"a -> b -> a","ident":"f","row":41,"col":27},"33":{"ann":"{v : [a] | len v >= 0\n           && v == xs}","ident":"xs","row":41,"col":33},"9":{"ann":"a","ident":"lq_anf$##7205759403792818934","row":41,"col":9}},"63":{"36":{"ann":"{v : [a] | len v >= 0\n           && v == xs}","ident":"xs","row":63,"col":36},"30":{"ann":"{VV : forall a .\n      x1:a -> {VV : a | VV == id x1\n                        && VV == x1} | VV == id}","ident":"_","row":63,"col":30},"40":{"ann":"{VV : a | VV == b}","ident":"b","row":63,"col":40},"16":{"ann":"x1:a -> x2:(b -> b) -> x4:b -> {VV : b | VV == construct f x1 x2 x4\n                                         && VV == x2 (f x4 x1)}","ident":"lq_anf$##7205759403792818888","row":63,"col":16},"34":{"ann":"{VV : a | VV == x}","ident":"x","row":63,"col":34},"27":{"ann":"a -> b -> a","ident":"f","row":63,"col":27},"33":{"ann":"{v : [a] | tail v == xs\n           && head v == x\n           && lqdc##$select v == xs\n           && lqdc##$select v == x\n           && len v == 1 + len xs\n           && v == : x xs}","ident":"lq_anf$##7205759403792818890","row":63,"col":33},"9":{"ann":"a","ident":"lq_anf$##7205759403792818891","row":63,"col":9}},"99":{"7":{"ann":"a","ident":"lq_anf$##7205759403792818811","row":99,"col":7},"13":{"ann":"x1:a -> x2:(b -> b) -> x4:b -> {VV : b | VV == construct f x1 x2 x4\n                                         && VV == x2 (f x4 x1)}","ident":"lq_anf$##7205759403792818808","row":99,"col":13},"36":{"ann":"{VV : a | VV == b}","ident":"b","row":99,"col":36},"30":{"ann":"{v : [a] | len v >= 0\n           && v == xs}","ident":"xs","row":99,"col":30},"27":{"ann":"{VV : forall a .\n      x1:a -> {VV : a | VV == id x1\n                        && VV == x1} | VV == id}","ident":"_","row":99,"col":27},"33":{"ann":"{VV : a | VV == f b x}","ident":"lq_anf$##7205759403792818810","row":99,"col":33},"38":{"ann":"{VV : a | VV == x}","ident":"x","row":99,"col":38},"24":{"ann":"a -> b -> a","ident":"f","row":99,"col":24}},"80":{"7":{"ann":"a","ident":"lq_anf$##7205759403792818826","row":80,"col":7},"13":{"ann":"x1:a -> x2:(b -> b) -> x4:b -> {VV : b | VV == construct f x1 x2 x4\n                                         && VV == x2 (f x4 x1)}","ident":"lq_anf$##7205759403792818824","row":80,"col":13},"30":{"ann":"{v : [a] | len v >= 0\n           && v == xs}","ident":"xs","row":80,"col":30},"27":{"ann":"{VV : forall a .\n      x1:a -> {VV : a | VV == id x1\n                        && VV == x1} | VV == id}","ident":"_","row":80,"col":27},"33":{"ann":"{VV : a | VV == b}","ident":"b","row":80,"col":33},"24":{"ann":"a -> b -> a","ident":"f","row":80,"col":24}},"55":{"12":{"ann":"{VV : a | VV == b}","ident":"b","row":55,"col":12}},"33":{"30":{"ann":"{VV : a | VV == foldl' f b xs\n          && VV == foldr (construct f) id xs b}","ident":"lq_anf$##7205759403792818959","row":33,"col":30},"40":{"ann":"{VV : a | VV == b}","ident":"b","row":33,"col":40},"38":{"ann":"a -> b -> a","ident":"f","row":33,"col":38},"24":{"ann":"(PropositionalEquality.EqT a)","ident":"lq_anf$##7205759403792818960","row":33,"col":24},"42":{"ann":"{v : [a] | len v >= 0\n           && v == xs}","ident":"xs","row":33,"col":42}},"65":{"19":{"ann":"a -> b -> a","ident":"f","row":65,"col":19},"29":{"ann":"{v : [a] | len v >= 0\n           && v == xs}","ident":"xs","row":65,"col":29},"12":{"ann":"a","ident":"lq_anf$##7205759403792818896","row":65,"col":12},"26":{"ann":"{VV : a | VV == x}","ident":"x","row":65,"col":26},"21":{"ann":"{VV : a | VV == f b x}","ident":"lq_anf$##7205759403792818895","row":65,"col":21},"24":{"ann":"{VV : a | VV == b}","ident":"b","row":65,"col":24}},"92":{"7":{"ann":"a","ident":"lq_anf$##7205759403792818793","row":92,"col":7},"25":{"ann":"a -> b -> a","ident":"f","row":92,"col":25},"28":{"ann":"{VV : forall a .\n      x1:a -> {VV : a | VV == id x1\n                        && VV == x1} | VV == id}","ident":"_","row":92,"col":28},"31":{"ann":"{VV : forall a <p :: a a -> Bool>.\n      {v : [a]<\\x3 VV -> {VV : a<p x3> | true}> | len v == 0\n                                                  && v == []} | VV == []}","ident":"_","row":92,"col":31},"14":{"ann":"x1:a -> x2:(b -> b) -> x4:b -> {VV : b | VV == construct f x1 x2 x4\n                                         && VV == x2 (f x4 x1)}","ident":"lq_anf$##7205759403792818790","row":92,"col":14},"35":{"ann":"{VV : a | VV == b}","ident":"b","row":92,"col":35}},"102":{"7":{"ann":"{v : Language.Haskell.Liquid.ProofCombinators.QED | v == QED}","ident":"Language.Haskell.Liquid.ProofCombinators.QED","row":102,"col":7}},"120":{"15":{"ann":"a -> b","ident":"r","row":120,"col":15},"25":{"ann":"{VV : a | VV == f acc x}","ident":"lq_anf$##7205759403792818779","row":120,"col":25},"28":{"ann":"{VV : a | VV == acc}","ident":"acc","row":120,"col":28},"13":{"ann":"a","ident":"x","row":120,"col":13},"17":{"ann":"a","ident":"acc","row":120,"col":17},"1":{"ann":"forall a b c .\nx1:(a -> b -> a) -> x4:b -> x5:(a -> c) -> x7:a -> {VV : c | VV == construct x1 x4 x5 x7\n                                                             && VV == x5 (x1 x7 x4)}","ident":"Folds.construct","row":120,"col":1},"11":{"ann":"a -> b -> a","ident":"f","row":120,"col":11},"32":{"ann":"{VV : a | VV == x}","ident":"x","row":120,"col":32}},"21":{"17":{"ann":"forall a b .\nx1:(a -> b -> a) -> x4:a -> x5:[b] -> {VV : a | VV == foldl x1 x4 x5}","ident":"Folds.foldl","row":21,"col":17},"1":{"ann":"forall a b .\n(PEqProperties.Reflexivity<[]> a) =>\n{VV : (PropositionalEquality.EqT (a -> b -> a) -> a -> [b] -> a) | eqT foldl foldl'}","ident":"Folds.foldEq'","row":21,"col":1},"23":{"ann":"{VV : forall a b .\n      x1:(a -> b -> a) -> x4:a -> x5:[b] -> {VV : a | VV == foldl' x1 x4 x5\n                                                      && VV == foldr (construct x1) id x5 x4} | VV == foldl'}","ident":"_","row":21,"col":23},"11":{"ann":"x1:((a -> b -> a) -> (PropositionalEquality.EqT a -> [b] -> a)) -> {v : (PropositionalEquality.EqT (a -> b -> a) -> a -> [b] -> a) | EqFun##lqdc##$select v == x1}","ident":"lq_anf$##7205759403792818834","row":21,"col":11},"33":{"ann":"a -> b -> a","ident":"f","row":21,"col":33}},"24":{"51":{"ann":"{v : [a] | len v >= 0\n           && v == xs}","ident":"xs","row":24,"col":51},"31":{"ann":"{VV : a | VV == b}","ident":"b","row":24,"col":31},"49":{"ann":"{VV : a | VV == b}","ident":"b","row":24,"col":49},"22":{"ann":"{VV : a | VV == foldl f b xs}","ident":"lq_anf$##7205759403792818841","row":24,"col":22},"29":{"ann":"a -> b -> a","ident":"f","row":24,"col":29},"17":{"ann":"(PropositionalEquality.EqT a)","ident":"lq_anf$##7205759403792818842","row":24,"col":17},"39":{"ann":"{v : () | foldl f b xs == foldl' f b xs\n          && v == theorem f b xs}","ident":"lq_anf$##7205759403792818843","row":24,"col":39},"33":{"ann":"{v : [a] | len v >= 0\n           && v == xs}","ident":"xs","row":24,"col":33},"47":{"ann":"a -> b -> a","ident":"f","row":24,"col":47}},"79":{"15":{"ann":"a -> b -> a","ident":"f","row":79,"col":15},"7":{"ann":"{VV : a | VV == foldl' f b xs\n          && VV == foldr (construct f) id xs b}","ident":"lq_anf$##7205759403792818823","row":79,"col":7},"19":{"ann":"{v : [a] | len v >= 0\n           && v == xs}","ident":"xs","row":79,"col":19},"17":{"ann":"{VV : a | VV == b}","ident":"b","row":79,"col":17}},"42":{"18":{"ann":"{VV : a | VV == b}","ident":"b","row":42,"col":18},"16":{"ann":"a -> b -> a","ident":"f","row":42,"col":16},"20":{"ann":"{v : [a] | len v >= 0\n           && v == xs}","ident":"xs","row":42,"col":20},"9":{"ann":"{VV : a | VV == foldl f b xs}","ident":"lq_anf$##7205759403792818935","row":42,"col":9}},"97":{"15":{"ann":"{VV : a | VV == f b x}","ident":"lq_anf$##7205759403792818802","row":97,"col":15},"7":{"ann":"a","ident":"lq_anf$##7205759403792818803","row":97,"col":7},"13":{"ann":"a -> b -> a","ident":"f","row":97,"col":13},"23":{"ann":"{v : [a] | len v >= 0\n           && v == xs}","ident":"xs","row":97,"col":23},"18":{"ann":"{VV : a | VV == b}","ident":"b","row":97,"col":18},"20":{"ann":"{VV : a | VV == x}","ident":"x","row":97,"col":20}},"107":{"28":{"ann":"a","ident":"lq_anf$##7205759403792818778","row":107,"col":28},"29":{"ann":"{VV : a | VV == b}","ident":"b","row":107,"col":29},"35":{"ann":"{VV : a | VV == x}","ident":"x","row":107,"col":35},"26":{"ann":"a -> b -> a","ident":"ds_d5tj","row":107,"col":26},"20":{"ann":"forall a b .\nx1:(a -> b -> a) -> x4:a -> x5:[b] -> {VV : a | VV == foldl x1 x4 x5}","ident":"Folds.foldl","row":107,"col":20},"38":{"ann":"{v : [a] | len v >= 0\n           && v == xs}","ident":"xs","row":107,"col":38}},"125":{"31":{"ann":"a -> b -> b","ident":"ds_d5t7","row":125,"col":31},"22":{"ann":"{VV : a | VV == x}","ident":"x","row":125,"col":22},"35":{"ann":"{v : [a] | len v >= 0\n           && v == xs}","ident":"xs","row":125,"col":35},"20":{"ann":"a -> b -> b","ident":"ds_d5t7","row":125,"col":20},"33":{"ann":"{VV : a | VV == b}","ident":"b","row":125,"col":33},"24":{"ann":"a","ident":"lq_anf$##7205759403792818781","row":125,"col":24}},"111":{"37":{"ann":"{VV : forall a .\n      x1:a -> {VV : a | VV == id x1\n                        && VV == x1} | VV == id}","ident":"_","row":111,"col":37},"43":{"ann":"{VV : a | VV == b}","ident":"b","row":111,"col":43},"12":{"ann":"[a]","ident":"xs","row":111,"col":12},"1":{"ann":"forall a b .\nx1:(a -> b -> a) -> x4:a -> x5:[b] -> {VV : a | VV == foldl' x1 x4 x5\n                                                && VV == foldr (construct x1) id x5 x4}","ident":"Folds.foldl'","row":111,"col":1},"23":{"ann":"x1:a -> x2:(b -> b) -> x4:b -> {VV : b | VV == construct f x1 x2 x4\n                                         && VV == x2 (f x4 x1)}","ident":"lq_anf$##7205759403792818782","row":111,"col":23},"40":{"ann":"{v : [a] | len v >= 0\n           && v == xs}","ident":"xs","row":111,"col":40},"34":{"ann":"a -> b -> a","ident":"f","row":111,"col":34},"8":{"ann":"a -> b -> a","ident":"f","row":111,"col":8},"10":{"ann":"a","ident":"b","row":111,"col":10}},"54":{"22":{"ann":"{VV : forall a <p :: a a -> Bool>.\n      {v : [a]<\\x3 VV -> {VV : a<p x3> | true}> | len v == 0\n                                                  && v == []} | VV == []}","ident":"_","row":54,"col":22},"18":{"ann":"a -> b -> a","ident":"f","row":54,"col":18},"20":{"ann":"{VV : a | VV == b}","ident":"b","row":54,"col":20},"5":{"ann":"(PropositionalEquality.EqT a)","ident":"lq_anf$##7205759403792818874","row":54,"col":5},"11":{"ann":"a","ident":"lq_anf$##7205759403792818873","row":54,"col":11}},"32":{"37":{"ann":"{VV : a | VV == b}","ident":"b","row":32,"col":37},"35":{"ann":"a -> b -> a","ident":"f","row":32,"col":35},"39":{"ann":"{v : [a] | len v >= 0\n           && v == xs}","ident":"xs","row":32,"col":39},"24":{"ann":"{v : (PropositionalEquality.EqT a) | eqT (foldl f b xs) (foldr (construct f) id xs b)\n                                     && v == foldLemma f b xs}","ident":"lq_anf$##7205759403792818958","row":32,"col":24}},"98":{"15":{"ann":"a -> b -> a","ident":"f","row":98,"col":15},"25":{"ann":"{v : [a] | len v >= 0\n           && v == xs}","ident":"xs","row":98,"col":25},"22":{"ann":"{VV : a | VV == x}","ident":"x","row":98,"col":22},"17":{"ann":"{VV : a | VV == f b x}","ident":"lq_anf$##7205759403792818805","row":98,"col":17},"20":{"ann":"{VV : a | VV == b}","ident":"b","row":98,"col":20},"9":{"ann":"()","ident":"lq_anf$##7205759403792818806","row":98,"col":9}},"81":{"15":{"ann":"a -> b -> a","ident":"f","row":81,"col":15},"19":{"ann":"{v : [a] | len v >= 0\n           && v == xs}","ident":"xs","row":81,"col":19},"17":{"ann":"{VV : a | VV == b}","ident":"b","row":81,"col":17},"9":{"ann":"{v : () | foldl f b xs == foldr (construct f) id xs b\n          && v == lemma f b xs}","ident":"lq_anf$##7205759403792818828","row":81,"col":9}}},"sptypes":[{"start":{"line":1,"column":1},"ann":"GHC.Types.Module","ident":"Folds.$trModule","stop":{"line":1,"column":1}},{"start":{"line":14,"column":1},"ann":"forall a b .\n(PropositionalEquality.AEq<[]> a) =>\n{VV : (PropositionalEquality.EqT (a -> b -> a) -> a -> [b] -> a) | eqT foldl foldl'}","ident":"Folds.foldEq","stop":{"line":14,"column":7}},{"start":{"line":14,"column":10},"ann":"x1:((a -> b -> a) -> (PropositionalEquality.EqT a -> [b] -> a)) -> {v : (PropositionalEquality.EqT (a -> b -> a) -> a -> [b] -> a) | EqFun##lqdc##$select v == x1}","ident":"lq_anf$##7205759403792818849","stop":{"line":14,"column":28}},{"start":{"line":14,"column":16},"ann":"forall a b .\nx1:(a -> b -> a) -> x4:a -> x5:[b] -> {VV : a | VV == foldl x1 x4 x5}","ident":"Folds.foldl","stop":{"line":14,"column":21}},{"start":{"line":14,"column":22},"ann":"{VV : forall a b .\n      x1:(a -> b -> a) -> x4:a -> x5:[b] -> {VV : a | VV == foldl' x1 x4 x5\n                                                      && VV == foldr (construct x1) id x5 x4} | VV == foldl'}","ident":"_","stop":{"line":14,"column":28}},{"start":{"line":14,"column":32},"ann":"a -> b -> a","ident":"f","stop":{"line":14,"column":33}},{"start":{"line":15,"column":12},"ann":"x1:(a -> (PropositionalEquality.EqT [b] -> a)) -> {v : (PropositionalEquality.EqT a -> [b] -> a) | EqFun##lqdc##$select v == x1}","ident":"lq_anf$##7205759403792818852","stop":{"line":15,"column":38}},{"start":{"line":15,"column":18},"ann":"x1:a -> x2:[b] -> {VV : a | VV == foldl f x1 x2}","ident":"lq_anf$##7205759403792818850","stop":{"line":15,"column":27}},{"start":{"line":15,"column":25},"ann":"a -> b -> a","ident":"f","stop":{"line":15,"column":26}},{"start":{"line":15,"column":28},"ann":"x1:a -> x2:[b] -> {VV : a | VV == foldl' f x1 x2\n                            && VV == foldr (construct f) id x2 x1}","ident":"lq_anf$##7205759403792818851","stop":{"line":15,"column":38}},{"start":{"line":15,"column":36},"ann":"a -> b -> a","ident":"f","stop":{"line":15,"column":37}},{"start":{"line":15,"column":42},"ann":"a","ident":"b","stop":{"line":15,"column":43}},{"start":{"line":16,"column":14},"ann":"x1:([a] -> (PropositionalEquality.EqT b)) -> {v : (PropositionalEquality.EqT [a] -> b) | EqFun##lqdc##$select v == x1}","ident":"lq_anf$##7205759403792818855","stop":{"line":16,"column":44}},{"start":{"line":16,"column":20},"ann":"x1:[a] -> {VV : b | VV == foldl f b x1}","ident":"lq_anf$##7205759403792818853","stop":{"line":16,"column":31}},{"start":{"line":16,"column":27},"ann":"a -> b -> a","ident":"f","stop":{"line":16,"column":28}},{"start":{"line":16,"column":29},"ann":"{VV : a | VV == b}","ident":"b","stop":{"line":16,"column":30}},{"start":{"line":16,"column":32},"ann":"x1:[a] -> {VV : b | VV == foldl' f b x1\n                    && VV == foldr (construct f) id x1 b}","ident":"lq_anf$##7205759403792818854","stop":{"line":16,"column":44}},{"start":{"line":16,"column":40},"ann":"a -> b -> a","ident":"f","stop":{"line":16,"column":41}},{"start":{"line":16,"column":42},"ann":"{VV : a | VV == b}","ident":"b","stop":{"line":16,"column":43}},{"start":{"line":16,"column":48},"ann":"[a]","ident":"xs","stop":{"line":16,"column":50}},{"start":{"line":17,"column":22},"ann":"{VV : a | VV == foldl f b xs}","ident":"lq_anf$##7205759403792818856","stop":{"line":17,"column":36}},{"start":{"line":17,"column":29},"ann":"a -> b -> a","ident":"f","stop":{"line":17,"column":30}},{"start":{"line":17,"column":31},"ann":"{VV : a | VV == b}","ident":"b","stop":{"line":17,"column":32}},{"start":{"line":17,"column":33},"ann":"{v : [a] | len v >= 0\n           && v == xs}","ident":"xs","stop":{"line":17,"column":35}},{"start":{"line":17,"column":37},"ann":"{VV : a | VV == foldl' f b xs\n          && VV == foldr (construct f) id xs b}","ident":"lq_anf$##7205759403792818857","stop":{"line":17,"column":52}},{"start":{"line":17,"column":45},"ann":"a -> b -> a","ident":"f","stop":{"line":17,"column":46}},{"start":{"line":17,"column":47},"ann":"{VV : a | VV == b}","ident":"b","stop":{"line":17,"column":48}},{"start":{"line":17,"column":49},"ann":"{v : [a] | len v >= 0\n           && v == xs}","ident":"xs","stop":{"line":17,"column":51}},{"start":{"line":17,"column":53},"ann":"()","ident":"lq_anf$##7205759403792818861","stop":{"line":17,"column":92}},{"start":{"line":17,"column":54},"ann":"{v : () | foldl f b xs == foldl' f b xs\n          && v == theorem f b xs}","ident":"lq_anf$##7205759403792818858","stop":{"line":17,"column":68}},{"start":{"line":17,"column":62},"ann":"a -> b -> a","ident":"f","stop":{"line":17,"column":63}},{"start":{"line":17,"column":64},"ann":"{VV : a | VV == b}","ident":"b","stop":{"line":17,"column":65}},{"start":{"line":17,"column":66},"ann":"{v : [a] | len v >= 0\n           && v == xs}","ident":"xs","stop":{"line":17,"column":68}},{"start":{"line":17,"column":71},"ann":"()","ident":"lq_anf$##7205759403792818860","stop":{"line":17,"column":91}},{"start":{"line":17,"column":77},"ann":"{VV : a | VV == foldl f b xs}","ident":"lq_anf$##7205759403792818859","stop":{"line":17,"column":91}},{"start":{"line":17,"column":84},"ann":"a -> b -> a","ident":"f","stop":{"line":17,"column":85}},{"start":{"line":17,"column":86},"ann":"{VV : a | VV == b}","ident":"b","stop":{"line":17,"column":87}},{"start":{"line":17,"column":88},"ann":"{v : [a] | len v >= 0\n           && v == xs}","ident":"xs","stop":{"line":17,"column":90}},{"start":{"line":21,"column":1},"ann":"forall a b .\n(PEqProperties.Reflexivity<[]> a) =>\n{VV : (PropositionalEquality.EqT (a -> b -> a) -> a -> [b] -> a) | eqT foldl foldl'}","ident":"Folds.foldEq'","stop":{"line":21,"column":8}},{"start":{"line":21,"column":11},"ann":"x1:((a -> b -> a) -> (PropositionalEquality.EqT a -> [b] -> a)) -> {v : (PropositionalEquality.EqT (a -> b -> a) -> a -> [b] -> a) | EqFun##lqdc##$select v == x1}","ident":"lq_anf$##7205759403792818834","stop":{"line":21,"column":29}},{"start":{"line":21,"column":17},"ann":"forall a b .\nx1:(a -> b -> a) -> x4:a -> x5:[b] -> {VV : a | VV == foldl x1 x4 x5}","ident":"Folds.foldl","stop":{"line":21,"column":22}},{"start":{"line":21,"column":23},"ann":"{VV : forall a b .\n      x1:(a -> b -> a) -> x4:a -> x5:[b] -> {VV : a | VV == foldl' x1 x4 x5\n                                                      && VV == foldr (construct x1) id x5 x4} | VV == foldl'}","ident":"_","stop":{"line":21,"column":29}},{"start":{"line":21,"column":33},"ann":"a -> b -> a","ident":"f","stop":{"line":21,"column":34}},{"start":{"line":22,"column":13},"ann":"x1:(a -> (PropositionalEquality.EqT [b] -> a)) -> {v : (PropositionalEquality.EqT a -> [b] -> a) | EqFun##lqdc##$select v == x1}","ident":"lq_anf$##7205759403792818837","stop":{"line":22,"column":39}},{"start":{"line":22,"column":19},"ann":"x1:a -> x2:[b] -> {VV : a | VV == foldl f x1 x2}","ident":"lq_anf$##7205759403792818835","stop":{"line":22,"column":28}},{"start":{"line":22,"column":26},"ann":"a -> b -> a","ident":"f","stop":{"line":22,"column":27}},{"start":{"line":22,"column":29},"ann":"x1:a -> x2:[b] -> {VV : a | VV == foldl' f x1 x2\n                            && VV == foldr (construct f) id x2 x1}","ident":"lq_anf$##7205759403792818836","stop":{"line":22,"column":39}},{"start":{"line":22,"column":37},"ann":"a -> b -> a","ident":"f","stop":{"line":22,"column":38}},{"start":{"line":22,"column":43},"ann":"a","ident":"b","stop":{"line":22,"column":44}},{"start":{"line":23,"column":15},"ann":"x1:([a] -> (PropositionalEquality.EqT b)) -> {v : (PropositionalEquality.EqT [a] -> b) | EqFun##lqdc##$select v == x1}","ident":"lq_anf$##7205759403792818840","stop":{"line":23,"column":45}},{"start":{"line":23,"column":21},"ann":"x1:[a] -> {VV : b | VV == foldl f b x1}","ident":"lq_anf$##7205759403792818838","stop":{"line":23,"column":32}},{"start":{"line":23,"column":28},"ann":"a -> b -> a","ident":"f","stop":{"line":23,"column":29}},{"start":{"line":23,"column":30},"ann":"{VV : a | VV == b}","ident":"b","stop":{"line":23,"column":31}},{"start":{"line":23,"column":33},"ann":"x1:[a] -> {VV : b | VV == foldl' f b x1\n                    && VV == foldr (construct f) id x1 b}","ident":"lq_anf$##7205759403792818839","stop":{"line":23,"column":45}},{"start":{"line":23,"column":41},"ann":"a -> b -> a","ident":"f","stop":{"line":23,"column":42}},{"start":{"line":23,"column":43},"ann":"{VV : a | VV == b}","ident":"b","stop":{"line":23,"column":44}},{"start":{"line":23,"column":49},"ann":"[a]","ident":"xs","stop":{"line":23,"column":51}},{"start":{"line":24,"column":17},"ann":"(PropositionalEquality.EqT a)","ident":"lq_anf$##7205759403792818842","stop":{"line":24,"column":36}},{"start":{"line":24,"column":22},"ann":"{VV : a | VV == foldl f b xs}","ident":"lq_anf$##7205759403792818841","stop":{"line":24,"column":36}},{"start":{"line":24,"column":29},"ann":"a -> b -> a","ident":"f","stop":{"line":24,"column":30}},{"start":{"line":24,"column":31},"ann":"{VV : a | VV == b}","ident":"b","stop":{"line":24,"column":32}},{"start":{"line":24,"column":33},"ann":"{v : [a] | len v >= 0\n           && v == xs}","ident":"xs","stop":{"line":24,"column":35}},{"start":{"line":24,"column":39},"ann":"{v : () | foldl f b xs == foldl' f b xs\n          && v == theorem f b xs}","ident":"lq_anf$##7205759403792818843","stop":{"line":24,"column":53}},{"start":{"line":24,"column":47},"ann":"a -> b -> a","ident":"f","stop":{"line":24,"column":48}},{"start":{"line":24,"column":49},"ann":"{VV : a | VV == b}","ident":"b","stop":{"line":24,"column":50}},{"start":{"line":24,"column":51},"ann":"{v : [a] | len v >= 0\n           && v == xs}","ident":"xs","stop":{"line":24,"column":53}},{"start":{"line":28,"column":1},"ann":"forall a b .\n(PEqProperties.Reflexivity<[]> a, PEqProperties.Transitivity<[]> a) =>\n{VV : (PropositionalEquality.EqT (a -> b -> a) -> a -> [b] -> a) | eqT foldl foldl'}","ident":"Folds.foldEq''","stop":{"line":28,"column":9}},{"start":{"line":28,"column":12},"ann":"x1:((a -> b -> a) -> (PropositionalEquality.EqT a -> [b] -> a)) -> {v : (PropositionalEquality.EqT (a -> b -> a) -> a -> [b] -> a) | EqFun##lqdc##$select v == x1}","ident":"lq_anf$##7205759403792818946","stop":{"line":28,"column":30}},{"start":{"line":28,"column":18},"ann":"forall a b .\nx1:(a -> b -> a) -> x4:a -> x5:[b] -> {VV : a | VV == foldl x1 x4 x5}","ident":"Folds.foldl","stop":{"line":28,"column":23}},{"start":{"line":28,"column":24},"ann":"{VV : forall a b .\n      x1:(a -> b -> a) -> x4:a -> x5:[b] -> {VV : a | VV == foldl' x1 x4 x5\n                                                      && VV == foldr (construct x1) id x5 x4} | VV == foldl'}","ident":"_","stop":{"line":28,"column":30}},{"start":{"line":28,"column":34},"ann":"a -> b -> a","ident":"f","stop":{"line":28,"column":35}},{"start":{"line":29,"column":16},"ann":"x1:(a -> (PropositionalEquality.EqT [b] -> a)) -> {v : (PropositionalEquality.EqT a -> [b] -> a) | EqFun##lqdc##$select v == x1}","ident":"lq_anf$##7205759403792818949","stop":{"line":29,"column":42}},{"start":{"line":29,"column":22},"ann":"x1:a -> x2:[b] -> {VV : a | VV == foldl f x1 x2}","ident":"lq_anf$##7205759403792818947","stop":{"line":29,"column":31}},{"start":{"line":29,"column":29},"ann":"a -> b -> a","ident":"f","stop":{"line":29,"column":30}},{"start":{"line":29,"column":32},"ann":"x1:a -> x2:[b] -> {VV : a | VV == foldl' f x1 x2\n                            && VV == foldr (construct f) id x2 x1}","ident":"lq_anf$##7205759403792818948","stop":{"line":29,"column":42}},{"start":{"line":29,"column":40},"ann":"a -> b -> a","ident":"f","stop":{"line":29,"column":41}},{"start":{"line":29,"column":46},"ann":"a","ident":"b","stop":{"line":29,"column":47}},{"start":{"line":30,"column":20},"ann":"x1:([a] -> (PropositionalEquality.EqT b)) -> {v : (PropositionalEquality.EqT [a] -> b) | EqFun##lqdc##$select v == x1}","ident":"lq_anf$##7205759403792818952","stop":{"line":30,"column":50}},{"start":{"line":30,"column":26},"ann":"x1:[a] -> {VV : b | VV == foldl f b x1}","ident":"lq_anf$##7205759403792818950","stop":{"line":30,"column":37}},{"start":{"line":30,"column":33},"ann":"a -> b -> a","ident":"f","stop":{"line":30,"column":34}},{"start":{"line":30,"column":35},"ann":"{VV : a | VV == b}","ident":"b","stop":{"line":30,"column":36}},{"start":{"line":30,"column":38},"ann":"x1:[a] -> {VV : b | VV == foldl' f b x1\n                    && VV == foldr (construct f) id x1 b}","ident":"lq_anf$##7205759403792818951","stop":{"line":30,"column":50}},{"start":{"line":30,"column":46},"ann":"a -> b -> a","ident":"f","stop":{"line":30,"column":47}},{"start":{"line":30,"column":48},"ann":"{VV : a | VV == b}","ident":"b","stop":{"line":30,"column":49}},{"start":{"line":30,"column":54},"ann":"[a]","ident":"xs","stop":{"line":30,"column":56}},{"start":{"line":31,"column":28},"ann":"{VV : a | VV == foldl f b xs}","ident":"lq_anf$##7205759403792818953","stop":{"line":31,"column":42}},{"start":{"line":31,"column":35},"ann":"a -> b -> a","ident":"f","stop":{"line":31,"column":36}},{"start":{"line":31,"column":37},"ann":"{VV : a | VV == b}","ident":"b","stop":{"line":31,"column":38}},{"start":{"line":31,"column":39},"ann":"{v : [a] | len v >= 0\n           && v == xs}","ident":"xs","stop":{"line":31,"column":41}},{"start":{"line":31,"column":43},"ann":"a","ident":"lq_anf$##7205759403792818956","stop":{"line":31,"column":72}},{"start":{"line":31,"column":50},"ann":"x1:a -> x2:(b -> b) -> x4:b -> {VV : b | VV == construct f x1 x2 x4\n                                         && VV == x2 (f x4 x1)}","ident":"lq_anf$##7205759403792818954","stop":{"line":31,"column":63}},{"start":{"line":31,"column":61},"ann":"a -> b -> a","ident":"f","stop":{"line":31,"column":62}},{"start":{"line":31,"column":64},"ann":"{VV : forall a .\n      x1:a -> {VV : a | VV == id x1\n                        && VV == x1} | VV == id}","ident":"_","stop":{"line":31,"column":66}},{"start":{"line":31,"column":67},"ann":"{v : [a] | len v >= 0\n           && v == xs}","ident":"xs","stop":{"line":31,"column":69}},{"start":{"line":31,"column":70},"ann":"{VV : a | VV == b}","ident":"b","stop":{"line":31,"column":71}},{"start":{"line":31,"column":73},"ann":"{VV : a | VV == foldl' f b xs\n          && VV == foldr (construct f) id xs b}","ident":"lq_anf$##7205759403792818957","stop":{"line":31,"column":89}},{"start":{"line":31,"column":82},"ann":"a -> b -> a","ident":"f","stop":{"line":31,"column":83}},{"start":{"line":31,"column":84},"ann":"{VV : a | VV == b}","ident":"b","stop":{"line":31,"column":85}},{"start":{"line":31,"column":86},"ann":"{v : [a] | len v >= 0\n           && v == xs}","ident":"xs","stop":{"line":31,"column":88}},{"start":{"line":32,"column":24},"ann":"{v : (PropositionalEquality.EqT a) | eqT (foldl f b xs) (foldr (construct f) id xs b)\n                                     && v == foldLemma f b xs}","ident":"lq_anf$##7205759403792818958","stop":{"line":32,"column":42}},{"start":{"line":32,"column":35},"ann":"a -> b -> a","ident":"f","stop":{"line":32,"column":36}},{"start":{"line":32,"column":37},"ann":"{VV : a | VV == b}","ident":"b","stop":{"line":32,"column":38}},{"start":{"line":32,"column":39},"ann":"{v : [a] | len v >= 0\n           && v == xs}","ident":"xs","stop":{"line":32,"column":41}},{"start":{"line":33,"column":24},"ann":"(PropositionalEquality.EqT a)","ident":"lq_anf$##7205759403792818960","stop":{"line":33,"column":46}},{"start":{"line":33,"column":30},"ann":"{VV : a | VV == foldl' f b xs\n          && VV == foldr (construct f) id xs b}","ident":"lq_anf$##7205759403792818959","stop":{"line":33,"column":45}},{"start":{"line":33,"column":38},"ann":"a -> b -> a","ident":"f","stop":{"line":33,"column":39}},{"start":{"line":33,"column":40},"ann":"{VV : a | VV == b}","ident":"b","stop":{"line":33,"column":41}},{"start":{"line":33,"column":42},"ann":"{v : [a] | len v >= 0\n           && v == xs}","ident":"xs","stop":{"line":33,"column":44}},{"start":{"line":39,"column":1},"ann":"forall a b .\n(PEqProperties.Reflexivity<[]> a, PEqProperties.Symmetry<[]> a, PEqProperties.Transitivity<[]> a) =>\nx4:(a -> b -> a) -> x7:a -> x8:[b] -> {VV : (PropositionalEquality.EqT a) | eqT (foldl x4 x7 x8) (foldl' x4 x7 x8)}","ident":"Folds.foldSame","stop":{"line":39,"column":9}},{"start":{"line":39,"column":10},"ann":"a -> b -> a","ident":"f","stop":{"line":39,"column":11}},{"start":{"line":39,"column":12},"ann":"a","ident":"b","stop":{"line":39,"column":13}},{"start":{"line":39,"column":14},"ann":"[a]","ident":"xs","stop":{"line":39,"column":16}},{"start":{"line":40,"column":11},"ann":"{VV : a | VV == foldl' f b xs\n          && VV == foldr (construct f) id xs b}","ident":"lq_anf$##7205759403792818931","stop":{"line":40,"column":26}},{"start":{"line":40,"column":19},"ann":"a -> b -> a","ident":"f","stop":{"line":40,"column":20}},{"start":{"line":40,"column":21},"ann":"{VV : a | VV == b}","ident":"b","stop":{"line":40,"column":22}},{"start":{"line":40,"column":23},"ann":"{v : [a] | len v >= 0\n           && v == xs}","ident":"xs","stop":{"line":40,"column":25}},{"start":{"line":41,"column":9},"ann":"a","ident":"lq_anf$##7205759403792818934","stop":{"line":41,"column":38}},{"start":{"line":41,"column":16},"ann":"x1:a -> x2:(b -> b) -> x4:b -> {VV : b | VV == construct f x1 x2 x4\n                                         && VV == x2 (f x4 x1)}","ident":"lq_anf$##7205759403792818932","stop":{"line":41,"column":29}},{"start":{"line":41,"column":27},"ann":"a -> b -> a","ident":"f","stop":{"line":41,"column":28}},{"start":{"line":41,"column":30},"ann":"{VV : forall a .\n      x1:a -> {VV : a | VV == id x1\n                        && VV == x1} | VV == id}","ident":"_","stop":{"line":41,"column":32}},{"start":{"line":41,"column":33},"ann":"{v : [a] | len v >= 0\n           && v == xs}","ident":"xs","stop":{"line":41,"column":35}},{"start":{"line":41,"column":36},"ann":"{VV : a | VV == b}","ident":"b","stop":{"line":41,"column":37}},{"start":{"line":42,"column":9},"ann":"{VV : a | VV == foldl f b xs}","ident":"lq_anf$##7205759403792818935","stop":{"line":42,"column":23}},{"start":{"line":42,"column":16},"ann":"a -> b -> a","ident":"f","stop":{"line":42,"column":17}},{"start":{"line":42,"column":18},"ann":"{VV : a | VV == b}","ident":"b","stop":{"line":42,"column":19}},{"start":{"line":42,"column":20},"ann":"{v : [a] | len v >= 0\n           && v == xs}","ident":"xs","stop":{"line":42,"column":22}},{"start":{"line":43,"column":5},"ann":"(PropositionalEquality.EqT a)","ident":"lq_anf$##7205759403792818937","stop":{"line":43,"column":27}},{"start":{"line":43,"column":11},"ann":"{VV : a | VV == foldl' f b xs\n          && VV == foldr (construct f) id xs b}","ident":"lq_anf$##7205759403792818936","stop":{"line":43,"column":26}},{"start":{"line":43,"column":19},"ann":"a -> b -> a","ident":"f","stop":{"line":43,"column":20}},{"start":{"line":43,"column":21},"ann":"{VV : a | VV == b}","ident":"b","stop":{"line":43,"column":22}},{"start":{"line":43,"column":23},"ann":"{v : [a] | len v >= 0\n           && v == xs}","ident":"xs","stop":{"line":43,"column":25}},{"start":{"line":44,"column":10},"ann":"{VV : a | VV == foldl f b xs}","ident":"lq_anf$##7205759403792818938","stop":{"line":44,"column":24}},{"start":{"line":44,"column":17},"ann":"a -> b -> a","ident":"f","stop":{"line":44,"column":18}},{"start":{"line":44,"column":19},"ann":"{VV : a | VV == b}","ident":"b","stop":{"line":44,"column":20}},{"start":{"line":44,"column":21},"ann":"{v : [a] | len v >= 0\n           && v == xs}","ident":"xs","stop":{"line":44,"column":23}},{"start":{"line":45,"column":10},"ann":"a","ident":"lq_anf$##7205759403792818941","stop":{"line":45,"column":39}},{"start":{"line":45,"column":17},"ann":"x1:a -> x2:(b -> b) -> x4:b -> {VV : b | VV == construct f x1 x2 x4\n                                         && VV == x2 (f x4 x1)}","ident":"lq_anf$##7205759403792818939","stop":{"line":45,"column":30}},{"start":{"line":45,"column":28},"ann":"a -> b -> a","ident":"f","stop":{"line":45,"column":29}},{"start":{"line":45,"column":31},"ann":"{VV : forall a .\n      x1:a -> {VV : a | VV == id x1\n                        && VV == x1} | VV == id}","ident":"_","stop":{"line":45,"column":33}},{"start":{"line":45,"column":34},"ann":"{v : [a] | len v >= 0\n           && v == xs}","ident":"xs","stop":{"line":45,"column":36}},{"start":{"line":45,"column":37},"ann":"{VV : a | VV == b}","ident":"b","stop":{"line":45,"column":38}},{"start":{"line":46,"column":8},"ann":"{v : (PropositionalEquality.EqT a) | eqT (foldl f b xs) (foldr (construct f) id xs b)\n                                     && v == foldLemma f b xs}","ident":"lq_anf$##7205759403792818942","stop":{"line":46,"column":26}},{"start":{"line":46,"column":19},"ann":"a -> b -> a","ident":"f","stop":{"line":46,"column":20}},{"start":{"line":46,"column":21},"ann":"{VV : a | VV == b}","ident":"b","stop":{"line":46,"column":22}},{"start":{"line":46,"column":23},"ann":"{v : [a] | len v >= 0\n           && v == xs}","ident":"xs","stop":{"line":46,"column":25}},{"start":{"line":50,"column":1},"ann":"forall a b .\n(PEqProperties.Reflexivity<[]> a, PEqProperties.Transitivity<[]> a) =>\nx3:(a -> b -> a) -> x6:a -> x7:[b] -> {VV : (PropositionalEquality.EqT a) | eqT (foldl x3 x6 x7) (foldr (construct x3) id x7 x6)}","ident":"Folds.foldLemma","stop":{"line":50,"column":10}},{"start":{"line":50,"column":11},"ann":"a -> b -> a","ident":"f","stop":{"line":50,"column":12}},{"start":{"line":50,"column":13},"ann":"a","ident":"b","stop":{"line":50,"column":14}},{"start":{"line":51,"column":9},"ann":"a","ident":"lq_anf$##7205759403792818867","stop":{"line":51,"column":23}},{"start":{"line":51,"column":16},"ann":"a -> b -> a","ident":"f","stop":{"line":51,"column":17}},{"start":{"line":51,"column":18},"ann":"{VV : a | VV == b}","ident":"b","stop":{"line":51,"column":19}},{"start":{"line":51,"column":20},"ann":"{VV : forall a <p :: a a -> Bool>.\n      {v : [a]<\\x3 VV -> {VV : a<p x3> | true}> | len v == 0\n                                                  && v == []} | VV == []}","ident":"_","stop":{"line":51,"column":22}},{"start":{"line":52,"column":9},"ann":"{VV : a | VV == b}","ident":"b","stop":{"line":52,"column":10}},{"start":{"line":53,"column":9},"ann":"a","ident":"lq_anf$##7205759403792818871","stop":{"line":53,"column":38}},{"start":{"line":53,"column":16},"ann":"x1:a -> x2:(b -> b) -> x4:b -> {VV : b | VV == construct f x1 x2 x4\n                                         && VV == x2 (f x4 x1)}","ident":"lq_anf$##7205759403792818868","stop":{"line":53,"column":29}},{"start":{"line":53,"column":27},"ann":"a -> b -> a","ident":"f","stop":{"line":53,"column":28}},{"start":{"line":53,"column":30},"ann":"{VV : forall a .\n      x1:a -> {VV : a | VV == id x1\n                        && VV == x1} | VV == id}","ident":"_","stop":{"line":53,"column":32}},{"start":{"line":53,"column":33},"ann":"{VV : forall a <p :: a a -> Bool>.\n      {v : [a]<\\x3 VV -> {VV : a<p x3> | true}> | len v == 0\n                                                  && v == []} | VV == []}","ident":"_","stop":{"line":53,"column":35}},{"start":{"line":53,"column":36},"ann":"{VV : a | VV == b}","ident":"b","stop":{"line":53,"column":37}},{"start":{"line":54,"column":5},"ann":"(PropositionalEquality.EqT a)","ident":"lq_anf$##7205759403792818874","stop":{"line":54,"column":26}},{"start":{"line":54,"column":11},"ann":"a","ident":"lq_anf$##7205759403792818873","stop":{"line":54,"column":25}},{"start":{"line":54,"column":18},"ann":"a -> b -> a","ident":"f","stop":{"line":54,"column":19}},{"start":{"line":54,"column":20},"ann":"{VV : a | VV == b}","ident":"b","stop":{"line":54,"column":21}},{"start":{"line":54,"column":22},"ann":"{VV : forall a <p :: a a -> Bool>.\n      {v : [a]<\\x3 VV -> {VV : a<p x3> | true}> | len v == 0\n                                                  && v == []} | VV == []}","ident":"_","stop":{"line":54,"column":24}},{"start":{"line":55,"column":12},"ann":"{VV : a | VV == b}","ident":"b","stop":{"line":55,"column":13}},{"start":{"line":56,"column":12},"ann":"{VV : a | VV == id b\n          && VV == b}","ident":"lq_anf$##7205759403792818875","stop":{"line":56,"column":18}},{"start":{"line":56,"column":16},"ann":"{VV : a | VV == b}","ident":"b","stop":{"line":56,"column":17}},{"start":{"line":57,"column":12},"ann":"a","ident":"lq_anf$##7205759403792818879","stop":{"line":57,"column":41}},{"start":{"line":57,"column":19},"ann":"x1:a -> x2:(b -> b) -> x4:b -> {VV : b | VV == construct f x1 x2 x4\n                                         && VV == x2 (f x4 x1)}","ident":"lq_anf$##7205759403792818876","stop":{"line":57,"column":32}},{"start":{"line":57,"column":30},"ann":"a -> b -> a","ident":"f","stop":{"line":57,"column":31}},{"start":{"line":57,"column":33},"ann":"{VV : forall a .\n      x1:a -> {VV : a | VV == id x1\n                        && VV == x1} | VV == id}","ident":"_","stop":{"line":57,"column":35}},{"start":{"line":57,"column":36},"ann":"{VV : forall a <p :: a a -> Bool>.\n      {v : [a]<\\x3 VV -> {VV : a<p x3> | true}> | len v == 0\n                                                  && v == []} | VV == []}","ident":"_","stop":{"line":57,"column":38}},{"start":{"line":57,"column":39},"ann":"{VV : a | VV == b}","ident":"b","stop":{"line":57,"column":40}},{"start":{"line":58,"column":7},"ann":"{v : (PropositionalEquality.EqT a) | eqT b b\n                                     && v == refl b}","ident":"lq_anf$##7205759403792818880","stop":{"line":58,"column":15}},{"start":{"line":58,"column":13},"ann":"{VV : a | VV == b}","ident":"b","stop":{"line":58,"column":14}},{"start":{"line":59,"column":7},"ann":"(PropositionalEquality.EqT a)","ident":"lq_anf$##7205759403792818882","stop":{"line":59,"column":20}},{"start":{"line":59,"column":13},"ann":"{VV : a | VV == id b\n          && VV == b}","ident":"lq_anf$##7205759403792818881","stop":{"line":59,"column":19}},{"start":{"line":59,"column":17},"ann":"{VV : a | VV == b}","ident":"b","stop":{"line":59,"column":18}},{"start":{"line":61,"column":9},"ann":"a","ident":"lq_anf$##7205759403792818885","stop":{"line":61,"column":27}},{"start":{"line":61,"column":16},"ann":"a -> b -> a","ident":"f","stop":{"line":61,"column":17}},{"start":{"line":61,"column":18},"ann":"{VV : a | VV == b}","ident":"b","stop":{"line":61,"column":19}},{"start":{"line":61,"column":20},"ann":"{v : [a] | tail v == xs\n           && head v == x\n           && lqdc##$select v == xs\n           && lqdc##$select v == x\n           && len v == 1 + len xs\n           && v == : x xs}","ident":"lq_anf$##7205759403792818884","stop":{"line":61,"column":26}},{"start":{"line":61,"column":21},"ann":"{VV : a | VV == x}","ident":"x","stop":{"line":61,"column":22}},{"start":{"line":61,"column":23},"ann":"{v : [a] | len v >= 0\n           && v == xs}","ident":"xs","stop":{"line":61,"column":25}},{"start":{"line":62,"column":9},"ann":"a","ident":"lq_anf$##7205759403792818887","stop":{"line":62,"column":29}},{"start":{"line":62,"column":16},"ann":"a -> b -> a","ident":"f","stop":{"line":62,"column":17}},{"start":{"line":62,"column":18},"ann":"{VV : a | VV == f b x}","ident":"lq_anf$##7205759403792818886","stop":{"line":62,"column":25}},{"start":{"line":62,"column":21},"ann":"{VV : a | VV == b}","ident":"b","stop":{"line":62,"column":22}},{"start":{"line":62,"column":23},"ann":"{VV : a | VV == x}","ident":"x","stop":{"line":62,"column":24}},{"start":{"line":62,"column":26},"ann":"{v : [a] | len v >= 0\n           && v == xs}","ident":"xs","stop":{"line":62,"column":28}},{"start":{"line":63,"column":9},"ann":"a","ident":"lq_anf$##7205759403792818891","stop":{"line":63,"column":42}},{"start":{"line":63,"column":16},"ann":"x1:a -> x2:(b -> b) -> x4:b -> {VV : b | VV == construct f x1 x2 x4\n                                         && VV == x2 (f x4 x1)}","ident":"lq_anf$##7205759403792818888","stop":{"line":63,"column":29}},{"start":{"line":63,"column":27},"ann":"a -> b -> a","ident":"f","stop":{"line":63,"column":28}},{"start":{"line":63,"column":30},"ann":"{VV : forall a .\n      x1:a -> {VV : a | VV == id x1\n                        && VV == x1} | VV == id}","ident":"_","stop":{"line":63,"column":32}},{"start":{"line":63,"column":33},"ann":"{v : [a] | tail v == xs\n           && head v == x\n           && lqdc##$select v == xs\n           && lqdc##$select v == x\n           && len v == 1 + len xs\n           && v == : x xs}","ident":"lq_anf$##7205759403792818890","stop":{"line":63,"column":39}},{"start":{"line":63,"column":34},"ann":"{VV : a | VV == x}","ident":"x","stop":{"line":63,"column":35}},{"start":{"line":63,"column":36},"ann":"{v : [a] | len v >= 0\n           && v == xs}","ident":"xs","stop":{"line":63,"column":38}},{"start":{"line":63,"column":40},"ann":"{VV : a | VV == b}","ident":"b","stop":{"line":63,"column":41}},{"start":{"line":64,"column":5},"ann":"(PropositionalEquality.EqT a)","ident":"lq_anf$##7205759403792818894","stop":{"line":64,"column":30}},{"start":{"line":64,"column":11},"ann":"a","ident":"lq_anf$##7205759403792818893","stop":{"line":64,"column":29}},{"start":{"line":64,"column":18},"ann":"a -> b -> a","ident":"f","stop":{"line":64,"column":19}},{"start":{"line":64,"column":20},"ann":"{VV : a | VV == b}","ident":"b","stop":{"line":64,"column":21}},{"start":{"line":64,"column":22},"ann":"{v : [a] | tail v == xs\n           && head v == x\n           && lqdc##$select v == xs\n           && lqdc##$select v == x\n           && len v == 1 + len xs\n           && v == : x xs}","ident":"lq_anf$##7205759403792818892","stop":{"line":64,"column":28}},{"start":{"line":64,"column":23},"ann":"{VV : a | VV == x}","ident":"x","stop":{"line":64,"column":24}},{"start":{"line":64,"column":25},"ann":"{v : [a] | len v >= 0\n           && v == xs}","ident":"xs","stop":{"line":64,"column":27}},{"start":{"line":65,"column":12},"ann":"a","ident":"lq_anf$##7205759403792818896","stop":{"line":65,"column":32}},{"start":{"line":65,"column":19},"ann":"a -> b -> a","ident":"f","stop":{"line":65,"column":20}},{"start":{"line":65,"column":21},"ann":"{VV : a | VV == f b x}","ident":"lq_anf$##7205759403792818895","stop":{"line":65,"column":28}},{"start":{"line":65,"column":24},"ann":"{VV : a | VV == b}","ident":"b","stop":{"line":65,"column":25}},{"start":{"line":65,"column":26},"ann":"{VV : a | VV == x}","ident":"x","stop":{"line":65,"column":27}},{"start":{"line":65,"column":29},"ann":"{v : [a] | len v >= 0\n           && v == xs}","ident":"xs","stop":{"line":65,"column":31}},{"start":{"line":66,"column":12},"ann":"a","ident":"lq_anf$##7205759403792818900","stop":{"line":66,"column":47}},{"start":{"line":66,"column":19},"ann":"x1:a -> x2:(b -> b) -> x4:b -> {VV : b | VV == construct f x1 x2 x4\n                                         && VV == x2 (f x4 x1)}","ident":"lq_anf$##7205759403792818897","stop":{"line":66,"column":32}},{"start":{"line":66,"column":30},"ann":"a -> b -> a","ident":"f","stop":{"line":66,"column":31}},{"start":{"line":66,"column":33},"ann":"{VV : forall a .\n      x1:a -> {VV : a | VV == id x1\n                        && VV == x1} | VV == id}","ident":"_","stop":{"line":66,"column":35}},{"start":{"line":66,"column":36},"ann":"{v : [a] | len v >= 0\n           && v == xs}","ident":"xs","stop":{"line":66,"column":38}},{"start":{"line":66,"column":39},"ann":"{VV : a | VV == f b x}","ident":"lq_anf$##7205759403792818899","stop":{"line":66,"column":46}},{"start":{"line":66,"column":42},"ann":"{VV : a | VV == b}","ident":"b","stop":{"line":66,"column":43}},{"start":{"line":66,"column":44},"ann":"{VV : a | VV == x}","ident":"x","stop":{"line":66,"column":45}},{"start":{"line":67,"column":12},"ann":"a","ident":"lq_anf$##7205759403792818904","stop":{"line":67,"column":45}},{"start":{"line":67,"column":19},"ann":"x1:a -> x2:(b -> b) -> x4:b -> {VV : b | VV == construct f x1 x2 x4\n                                         && VV == x2 (f x4 x1)}","ident":"lq_anf$##7205759403792818901","stop":{"line":67,"column":32}},{"start":{"line":67,"column":30},"ann":"a -> b -> a","ident":"f","stop":{"line":67,"column":31}},{"start":{"line":67,"column":33},"ann":"{VV : forall a .\n      x1:a -> {VV : a | VV == id x1\n                        && VV == x1} | VV == id}","ident":"_","stop":{"line":67,"column":35}},{"start":{"line":67,"column":36},"ann":"{v : [a] | tail v == xs\n           && head v == x\n           && lqdc##$select v == xs\n           && lqdc##$select v == x\n           && len v == 1 + len xs\n           && v == : x xs}","ident":"lq_anf$##7205759403792818903","stop":{"line":67,"column":42}},{"start":{"line":67,"column":37},"ann":"{VV : a | VV == x}","ident":"x","stop":{"line":67,"column":38}},{"start":{"line":67,"column":39},"ann":"{v : [a] | len v >= 0\n           && v == xs}","ident":"xs","stop":{"line":67,"column":41}},{"start":{"line":67,"column":43},"ann":"{VV : a | VV == b}","ident":"b","stop":{"line":67,"column":44}},{"start":{"line":68,"column":7},"ann":"(PropositionalEquality.EqT a)","ident":"lq_anf$##7205759403792818906","stop":{"line":68,"column":31}},{"start":{"line":68,"column":18},"ann":"a -> b -> a","ident":"f","stop":{"line":68,"column":19}},{"start":{"line":68,"column":20},"ann":"{VV : a | VV == f b x}","ident":"lq_anf$##7205759403792818905","stop":{"line":68,"column":27}},{"start":{"line":68,"column":23},"ann":"{VV : a | VV == b}","ident":"b","stop":{"line":68,"column":24}},{"start":{"line":68,"column":25},"ann":"{VV : a | VV == x}","ident":"x","stop":{"line":68,"column":26}},{"start":{"line":68,"column":28},"ann":"{v : [a] | len v >= 0\n           && v == xs}","ident":"xs","stop":{"line":68,"column":30}},{"start":{"line":69,"column":14},"ann":"a","ident":"lq_anf$##7205759403792818910","stop":{"line":69,"column":49}},{"start":{"line":69,"column":21},"ann":"x1:a -> x2:(b -> b) -> x4:b -> {VV : b | VV == construct f x1 x2 x4\n                                         && VV == x2 (f x4 x1)}","ident":"lq_anf$##7205759403792818907","stop":{"line":69,"column":34}},{"start":{"line":69,"column":32},"ann":"a -> b -> a","ident":"f","stop":{"line":69,"column":33}},{"start":{"line":69,"column":35},"ann":"{VV : forall a .\n      x1:a -> {VV : a | VV == id x1\n                        && VV == x1} | VV == id}","ident":"_","stop":{"line":69,"column":37}},{"start":{"line":69,"column":38},"ann":"{v : [a] | len v >= 0\n           && v == xs}","ident":"xs","stop":{"line":69,"column":40}},{"start":{"line":69,"column":41},"ann":"{VV : a | VV == f b x}","ident":"lq_anf$##7205759403792818909","stop":{"line":69,"column":48}},{"start":{"line":69,"column":44},"ann":"{VV : a | VV == b}","ident":"b","stop":{"line":69,"column":45}},{"start":{"line":69,"column":46},"ann":"{VV : a | VV == x}","ident":"x","stop":{"line":69,"column":47}},{"start":{"line":70,"column":14},"ann":"a","ident":"lq_anf$##7205759403792818914","stop":{"line":70,"column":59}},{"start":{"line":70,"column":25},"ann":"a -> b -> a","ident":"f","stop":{"line":70,"column":26}},{"start":{"line":70,"column":27},"ann":"{VV : a | VV == x}","ident":"x","stop":{"line":70,"column":28}},{"start":{"line":70,"column":29},"ann":"a -> a","ident":"lq_anf$##7205759403792818913","stop":{"line":70,"column":56}},{"start":{"line":70,"column":36},"ann":"x1:a -> x2:(b -> b) -> x4:b -> {VV : b | VV == construct f x1 x2 x4\n                                         && VV == x2 (f x4 x1)}","ident":"lq_anf$##7205759403792818911","stop":{"line":70,"column":49}},{"start":{"line":70,"column":47},"ann":"a -> b -> a","ident":"f","stop":{"line":70,"column":48}},{"start":{"line":70,"column":50},"ann":"{VV : forall a .\n      x1:a -> {VV : a | VV == id x1\n                        && VV == x1} | VV == id}","ident":"_","stop":{"line":70,"column":52}},{"start":{"line":70,"column":53},"ann":"{v : [a] | len v >= 0\n           && v == xs}","ident":"xs","stop":{"line":70,"column":55}},{"start":{"line":70,"column":57},"ann":"{VV : a | VV == b}","ident":"b","stop":{"line":70,"column":58}},{"start":{"line":71,"column":14},"ann":"a","ident":"lq_anf$##7205759403792818918","stop":{"line":71,"column":47}},{"start":{"line":71,"column":21},"ann":"x1:a -> x2:(b -> b) -> x4:b -> {VV : b | VV == construct f x1 x2 x4\n                                         && VV == x2 (f x4 x1)}","ident":"lq_anf$##7205759403792818915","stop":{"line":71,"column":34}},{"start":{"line":71,"column":32},"ann":"a -> b -> a","ident":"f","stop":{"line":71,"column":33}},{"start":{"line":71,"column":35},"ann":"{VV : forall a .\n      x1:a -> {VV : a | VV == id x1\n                        && VV == x1} | VV == id}","ident":"_","stop":{"line":71,"column":37}},{"start":{"line":71,"column":38},"ann":"{v : [a] | tail v == xs\n           && head v == x\n           && lqdc##$select v == xs\n           && lqdc##$select v == x\n           && len v == 1 + len xs\n           && v == : x xs}","ident":"lq_anf$##7205759403792818917","stop":{"line":71,"column":44}},{"start":{"line":71,"column":39},"ann":"{VV : a | VV == x}","ident":"x","stop":{"line":71,"column":40}},{"start":{"line":71,"column":41},"ann":"{v : [a] | len v >= 0\n           && v == xs}","ident":"xs","stop":{"line":71,"column":43}},{"start":{"line":71,"column":45},"ann":"{VV : a | VV == b}","ident":"b","stop":{"line":71,"column":46}},{"start":{"line":72,"column":9},"ann":"(PropositionalEquality.EqT a)","ident":"lq_anf$##7205759403792818923","stop":{"line":72,"column":51}},{"start":{"line":72,"column":15},"ann":"a","ident":"lq_anf$##7205759403792818922","stop":{"line":72,"column":50}},{"start":{"line":72,"column":22},"ann":"x1:a -> x2:(b -> b) -> x4:b -> {VV : b | VV == construct f x1 x2 x4\n                                         && VV == x2 (f x4 x1)}","ident":"lq_anf$##7205759403792818919","stop":{"line":72,"column":35}},{"start":{"line":72,"column":33},"ann":"a -> b -> a","ident":"f","stop":{"line":72,"column":34}},{"start":{"line":72,"column":36},"ann":"{VV : forall a .\n      x1:a -> {VV : a | VV == id x1\n                        && VV == x1} | VV == id}","ident":"_","stop":{"line":72,"column":38}},{"start":{"line":72,"column":39},"ann":"{v : [a] | len v >= 0\n           && v == xs}","ident":"xs","stop":{"line":72,"column":41}},{"start":{"line":72,"column":42},"ann":"{VV : a | VV == f b x}","ident":"lq_anf$##7205759403792818921","stop":{"line":72,"column":49}},{"start":{"line":72,"column":45},"ann":"{VV : a | VV == b}","ident":"b","stop":{"line":72,"column":46}},{"start":{"line":72,"column":47},"ann":"{VV : a | VV == x}","ident":"x","stop":{"line":72,"column":48}},{"start":{"line":73,"column":9},"ann":"(PropositionalEquality.EqT a)","ident":"lq_anf$##7205759403792818928","stop":{"line":73,"column":61}},{"start":{"line":73,"column":15},"ann":"a","ident":"lq_anf$##7205759403792818927","stop":{"line":73,"column":60}},{"start":{"line":73,"column":26},"ann":"a -> b -> a","ident":"f","stop":{"line":73,"column":27}},{"start":{"line":73,"column":28},"ann":"{VV : a | VV == x}","ident":"x","stop":{"line":73,"column":29}},{"start":{"line":73,"column":30},"ann":"a -> a","ident":"lq_anf$##7205759403792818926","stop":{"line":73,"column":57}},{"start":{"line":73,"column":37},"ann":"x1:a -> x2:(b -> b) -> x4:b -> {VV : b | VV == construct f x1 x2 x4\n                                         && VV == x2 (f x4 x1)}","ident":"lq_anf$##7205759403792818924","stop":{"line":73,"column":50}},{"start":{"line":73,"column":48},"ann":"a -> b -> a","ident":"f","stop":{"line":73,"column":49}},{"start":{"line":73,"column":51},"ann":"{VV : forall a .\n      x1:a -> {VV : a | VV == id x1\n                        && VV == x1} | VV == id}","ident":"_","stop":{"line":73,"column":53}},{"start":{"line":73,"column":54},"ann":"{v : [a] | len v >= 0\n           && v == xs}","ident":"xs","stop":{"line":73,"column":56}},{"start":{"line":73,"column":58},"ann":"{VV : a | VV == b}","ident":"b","stop":{"line":73,"column":59}},{"start":{"line":78,"column":1},"ann":"forall a b .\nx1:(a -> b -> a) -> x4:a -> x5:[b] -> {VV : () | foldl x1 x4 x5 == foldl' x1 x4 x5}","ident":"Folds.theorem","stop":{"line":78,"column":8}},{"start":{"line":78,"column":9},"ann":"a -> b -> a","ident":"f","stop":{"line":78,"column":10}},{"start":{"line":78,"column":11},"ann":"a","ident":"b","stop":{"line":78,"column":12}},{"start":{"line":78,"column":13},"ann":"[a]","ident":"xs","stop":{"line":78,"column":15}},{"start":{"line":79,"column":7},"ann":"{VV : a | VV == foldl' f b xs\n          && VV == foldr (construct f) id xs b}","ident":"lq_anf$##7205759403792818823","stop":{"line":79,"column":21}},{"start":{"line":79,"column":15},"ann":"a -> b -> a","ident":"f","stop":{"line":79,"column":16}},{"start":{"line":79,"column":17},"ann":"{VV : a | VV == b}","ident":"b","stop":{"line":79,"column":18}},{"start":{"line":79,"column":19},"ann":"{v : [a] | len v >= 0\n           && v == xs}","ident":"xs","stop":{"line":79,"column":21}},{"start":{"line":80,"column":7},"ann":"a","ident":"lq_anf$##7205759403792818826","stop":{"line":80,"column":34}},{"start":{"line":80,"column":13},"ann":"x1:a -> x2:(b -> b) -> x4:b -> {VV : b | VV == construct f x1 x2 x4\n                                         && VV == x2 (f x4 x1)}","ident":"lq_anf$##7205759403792818824","stop":{"line":80,"column":26}},{"start":{"line":80,"column":24},"ann":"a -> b -> a","ident":"f","stop":{"line":80,"column":25}},{"start":{"line":80,"column":27},"ann":"{VV : forall a .\n      x1:a -> {VV : a | VV == id x1\n                        && VV == x1} | VV == id}","ident":"_","stop":{"line":80,"column":29}},{"start":{"line":80,"column":30},"ann":"{v : [a] | len v >= 0\n           && v == xs}","ident":"xs","stop":{"line":80,"column":32}},{"start":{"line":80,"column":33},"ann":"{VV : a | VV == b}","ident":"b","stop":{"line":80,"column":34}},{"start":{"line":81,"column":9},"ann":"{v : () | foldl f b xs == foldr (construct f) id xs b\n          && v == lemma f b xs}","ident":"lq_anf$##7205759403792818828","stop":{"line":81,"column":21}},{"start":{"line":81,"column":15},"ann":"a -> b -> a","ident":"f","stop":{"line":81,"column":16}},{"start":{"line":81,"column":17},"ann":"{VV : a | VV == b}","ident":"b","stop":{"line":81,"column":18}},{"start":{"line":81,"column":19},"ann":"{v : [a] | len v >= 0\n           && v == xs}","ident":"xs","stop":{"line":81,"column":21}},{"start":{"line":82,"column":7},"ann":"{VV : a | VV == foldl f b xs}","ident":"lq_anf$##7205759403792818830","stop":{"line":82,"column":20}},{"start":{"line":82,"column":14},"ann":"a -> b -> a","ident":"f","stop":{"line":82,"column":15}},{"start":{"line":82,"column":16},"ann":"{VV : a | VV == b}","ident":"b","stop":{"line":82,"column":17}},{"start":{"line":82,"column":18},"ann":"{v : [a] | len v >= 0\n           && v == xs}","ident":"xs","stop":{"line":82,"column":20}},{"start":{"line":83,"column":7},"ann":"{v : Language.Haskell.Liquid.ProofCombinators.QED | v == QED}","ident":"Language.Haskell.Liquid.ProofCombinators.QED","stop":{"line":83,"column":10}},{"start":{"line":88,"column":1},"ann":"forall a b .\nx1:(a -> b -> a) -> x4:a -> x5:[b] -> {VV : () | foldl x1 x4 x5 == foldr (construct x1) id x5 x4}","ident":"Folds.lemma","stop":{"line":88,"column":6}},{"start":{"line":88,"column":7},"ann":"a -> b -> a","ident":"f","stop":{"line":88,"column":8}},{"start":{"line":88,"column":9},"ann":"a","ident":"b","stop":{"line":88,"column":10}},{"start":{"line":89,"column":7},"ann":"a","ident":"lq_anf$##7205759403792818786","stop":{"line":89,"column":19}},{"start":{"line":89,"column":13},"ann":"a -> b -> a","ident":"f","stop":{"line":89,"column":14}},{"start":{"line":89,"column":15},"ann":"{VV : a | VV == b}","ident":"b","stop":{"line":89,"column":16}},{"start":{"line":89,"column":17},"ann":"{VV : forall a <p :: a a -> Bool>.\n      {v : [a]<\\x3 VV -> {VV : a<p x3> | true}> | len v == 0\n                                                  && v == []} | VV == []}","ident":"_","stop":{"line":89,"column":19}},{"start":{"line":90,"column":7},"ann":"{VV : a | VV == b}","ident":"b","stop":{"line":90,"column":8}},{"start":{"line":91,"column":7},"ann":"{VV : a | VV == id b\n          && VV == b}","ident":"lq_anf$##7205759403792818788","stop":{"line":91,"column":11}},{"start":{"line":91,"column":10},"ann":"{VV : a | VV == b}","ident":"b","stop":{"line":91,"column":11}},{"start":{"line":92,"column":7},"ann":"a","ident":"lq_anf$##7205759403792818793","stop":{"line":92,"column":36}},{"start":{"line":92,"column":14},"ann":"x1:a -> x2:(b -> b) -> x4:b -> {VV : b | VV == construct f x1 x2 x4\n                                         && VV == x2 (f x4 x1)}","ident":"lq_anf$##7205759403792818790","stop":{"line":92,"column":27}},{"start":{"line":92,"column":25},"ann":"a -> b -> a","ident":"f","stop":{"line":92,"column":26}},{"start":{"line":92,"column":28},"ann":"{VV : forall a .\n      x1:a -> {VV : a | VV == id x1\n                        && VV == x1} | VV == id}","ident":"_","stop":{"line":92,"column":30}},{"start":{"line":92,"column":31},"ann":"{VV : forall a <p :: a a -> Bool>.\n      {v : [a]<\\x3 VV -> {VV : a<p x3> | true}> | len v == 0\n                                                  && v == []} | VV == []}","ident":"_","stop":{"line":92,"column":33}},{"start":{"line":92,"column":35},"ann":"{VV : a | VV == b}","ident":"b","stop":{"line":92,"column":36}},{"start":{"line":93,"column":7},"ann":"a","ident":"lq_anf$##7205759403792818798","stop":{"line":93,"column":34}},{"start":{"line":93,"column":13},"ann":"x1:a -> x2:(b -> b) -> x4:b -> {VV : b | VV == construct f x1 x2 x4\n                                         && VV == x2 (f x4 x1)}","ident":"lq_anf$##7205759403792818795","stop":{"line":93,"column":26}},{"start":{"line":93,"column":24},"ann":"a -> b -> a","ident":"f","stop":{"line":93,"column":25}},{"start":{"line":93,"column":27},"ann":"{VV : forall a .\n      x1:a -> {VV : a | VV == id x1\n                        && VV == x1} | VV == id}","ident":"_","stop":{"line":93,"column":29}},{"start":{"line":93,"column":30},"ann":"{VV : forall a <p :: a a -> Bool>.\n      {v : [a]<\\x3 VV -> {VV : a<p x3> | true}> | len v == 0\n                                                  && v == []} | VV == []}","ident":"_","stop":{"line":93,"column":32}},{"start":{"line":93,"column":33},"ann":"{VV : a | VV == b}","ident":"b","stop":{"line":93,"column":34}},{"start":{"line":94,"column":7},"ann":"{v : Language.Haskell.Liquid.ProofCombinators.QED | v == QED}","ident":"Language.Haskell.Liquid.ProofCombinators.QED","stop":{"line":94,"column":10}},{"start":{"line":96,"column":7},"ann":"a","ident":"lq_anf$##7205759403792818801","stop":{"line":96,"column":23}},{"start":{"line":96,"column":13},"ann":"a -> b -> a","ident":"f","stop":{"line":96,"column":14}},{"start":{"line":96,"column":15},"ann":"{VV : a | VV == b}","ident":"b","stop":{"line":96,"column":16}},{"start":{"line":96,"column":17},"ann":"{v : [a] | tail v == xs\n           && head v == x\n           && lqdc##$select v == xs\n           && lqdc##$select v == x\n           && len v == 1 + len xs\n           && v == : x xs}","ident":"lq_anf$##7205759403792818800","stop":{"line":96,"column":23}},{"start":{"line":96,"column":18},"ann":"{VV : a | VV == x}","ident":"x","stop":{"line":96,"column":19}},{"start":{"line":96,"column":20},"ann":"{v : [a] | len v >= 0\n           && v == xs}","ident":"xs","stop":{"line":96,"column":22}},{"start":{"line":97,"column":7},"ann":"a","ident":"lq_anf$##7205759403792818803","stop":{"line":97,"column":25}},{"start":{"line":97,"column":13},"ann":"a -> b -> a","ident":"f","stop":{"line":97,"column":14}},{"start":{"line":97,"column":15},"ann":"{VV : a | VV == f b x}","ident":"lq_anf$##7205759403792818802","stop":{"line":97,"column":22}},{"start":{"line":97,"column":18},"ann":"{VV : a | VV == b}","ident":"b","stop":{"line":97,"column":19}},{"start":{"line":97,"column":20},"ann":"{VV : a | VV == x}","ident":"x","stop":{"line":97,"column":21}},{"start":{"line":97,"column":23},"ann":"{v : [a] | len v >= 0\n           && v == xs}","ident":"xs","stop":{"line":97,"column":25}},{"start":{"line":98,"column":9},"ann":"()","ident":"lq_anf$##7205759403792818806","stop":{"line":98,"column":27}},{"start":{"line":98,"column":15},"ann":"a -> b -> a","ident":"f","stop":{"line":98,"column":16}},{"start":{"line":98,"column":17},"ann":"{VV : a | VV == f b x}","ident":"lq_anf$##7205759403792818805","stop":{"line":98,"column":24}},{"start":{"line":98,"column":20},"ann":"{VV : a | VV == b}","ident":"b","stop":{"line":98,"column":21}},{"start":{"line":98,"column":22},"ann":"{VV : a | VV == x}","ident":"x","stop":{"line":98,"column":23}},{"start":{"line":98,"column":25},"ann":"{v : [a] | len v >= 0\n           && v == xs}","ident":"xs","stop":{"line":98,"column":27}},{"start":{"line":99,"column":7},"ann":"a","ident":"lq_anf$##7205759403792818811","stop":{"line":99,"column":40}},{"start":{"line":99,"column":13},"ann":"x1:a -> x2:(b -> b) -> x4:b -> {VV : b | VV == construct f x1 x2 x4\n                                         && VV == x2 (f x4 x1)}","ident":"lq_anf$##7205759403792818808","stop":{"line":99,"column":26}},{"start":{"line":99,"column":24},"ann":"a -> b -> a","ident":"f","stop":{"line":99,"column":25}},{"start":{"line":99,"column":27},"ann":"{VV : forall a .\n      x1:a -> {VV : a | VV == id x1\n                        && VV == x1} | VV == id}","ident":"_","stop":{"line":99,"column":29}},{"start":{"line":99,"column":30},"ann":"{v : [a] | len v >= 0\n           && v == xs}","ident":"xs","stop":{"line":99,"column":32}},{"start":{"line":99,"column":33},"ann":"{VV : a | VV == f b x}","ident":"lq_anf$##7205759403792818810","stop":{"line":99,"column":40}},{"start":{"line":99,"column":36},"ann":"{VV : a | VV == b}","ident":"b","stop":{"line":99,"column":37}},{"start":{"line":99,"column":38},"ann":"{VV : a | VV == x}","ident":"x","stop":{"line":99,"column":39}},{"start":{"line":100,"column":7},"ann":"a","ident":"lq_anf$##7205759403792818816","stop":{"line":100,"column":50}},{"start":{"line":100,"column":17},"ann":"a -> b -> a","ident":"f","stop":{"line":100,"column":18}},{"start":{"line":100,"column":19},"ann":"{VV : a | VV == x}","ident":"x","stop":{"line":100,"column":20}},{"start":{"line":100,"column":21},"ann":"a -> a","ident":"lq_anf$##7205759403792818815","stop":{"line":100,"column":48}},{"start":{"line":100,"column":28},"ann":"x1:a -> x2:(b -> b) -> x4:b -> {VV : b | VV == construct f x1 x2 x4\n                                         && VV == x2 (f x4 x1)}","ident":"lq_anf$##7205759403792818813","stop":{"line":100,"column":41}},{"start":{"line":100,"column":39},"ann":"a -> b -> a","ident":"f","stop":{"line":100,"column":40}},{"start":{"line":100,"column":42},"ann":"{VV : forall a .\n      x1:a -> {VV : a | VV == id x1\n                        && VV == x1} | VV == id}","ident":"_","stop":{"line":100,"column":44}},{"start":{"line":100,"column":45},"ann":"{v : [a] | len v >= 0\n           && v == xs}","ident":"xs","stop":{"line":100,"column":47}},{"start":{"line":100,"column":49},"ann":"{VV : a | VV == b}","ident":"b","stop":{"line":100,"column":50}},{"start":{"line":101,"column":7},"ann":"a","ident":"lq_anf$##7205759403792818821","stop":{"line":101,"column":38}},{"start":{"line":101,"column":13},"ann":"x1:a -> x2:(b -> b) -> x4:b -> {VV : b | VV == construct f x1 x2 x4\n                                         && VV == x2 (f x4 x1)}","ident":"lq_anf$##7205759403792818818","stop":{"line":101,"column":26}},{"start":{"line":101,"column":24},"ann":"a -> b -> a","ident":"f","stop":{"line":101,"column":25}},{"start":{"line":101,"column":27},"ann":"{VV : forall a .\n      x1:a -> {VV : a | VV == id x1\n                        && VV == x1} | VV == id}","ident":"_","stop":{"line":101,"column":29}},{"start":{"line":101,"column":30},"ann":"{v : [a] | tail v == xs\n           && head v == x\n           && lqdc##$select v == xs\n           && lqdc##$select v == x\n           && len v == 1 + len xs\n           && v == : x xs}","ident":"lq_anf$##7205759403792818820","stop":{"line":101,"column":36}},{"start":{"line":101,"column":31},"ann":"{VV : a | VV == x}","ident":"x","stop":{"line":101,"column":32}},{"start":{"line":101,"column":33},"ann":"{v : [a] | len v >= 0\n           && v == xs}","ident":"xs","stop":{"line":101,"column":35}},{"start":{"line":101,"column":37},"ann":"{VV : a | VV == b}","ident":"b","stop":{"line":101,"column":38}},{"start":{"line":102,"column":7},"ann":"{v : Language.Haskell.Liquid.ProofCombinators.QED | v == QED}","ident":"Language.Haskell.Liquid.ProofCombinators.QED","stop":{"line":102,"column":10}},{"start":{"line":106,"column":1},"ann":"forall a b .\nx1:(a -> b -> a) -> x4:a -> x5:[b] -> {VV : a | VV == foldl x1 x4 x5}","ident":"Folds.foldl","stop":{"line":106,"column":6}},{"start":{"line":106,"column":9},"ann":"a","ident":"b","stop":{"line":106,"column":10}},{"start":{"line":106,"column":20},"ann":"{VV : a | VV == b}","ident":"b","stop":{"line":106,"column":21}},{"start":{"line":107,"column":20},"ann":"forall a b .\nx1:(a -> b -> a) -> x4:a -> x5:[b] -> {VV : a | VV == foldl x1 x4 x5}","ident":"Folds.foldl","stop":{"line":107,"column":40}},{"start":{"line":107,"column":26},"ann":"a -> b -> a","ident":"ds_d5tj","stop":{"line":107,"column":27}},{"start":{"line":107,"column":28},"ann":"a","ident":"lq_anf$##7205759403792818778","stop":{"line":107,"column":37}},{"start":{"line":107,"column":29},"ann":"{VV : a | VV == b}","ident":"b","stop":{"line":107,"column":30}},{"start":{"line":107,"column":35},"ann":"{VV : a | VV == x}","ident":"x","stop":{"line":107,"column":36}},{"start":{"line":107,"column":38},"ann":"{v : [a] | len v >= 0\n           && v == xs}","ident":"xs","stop":{"line":107,"column":40}},{"start":{"line":111,"column":1},"ann":"forall a b .\nx1:(a -> b -> a) -> x4:a -> x5:[b] -> {VV : a | VV == foldl' x1 x4 x5\n                                                && VV == foldr (construct x1) id x5 x4}","ident":"Folds.foldl'","stop":{"line":111,"column":7}},{"start":{"line":111,"column":8},"ann":"a -> b -> a","ident":"f","stop":{"line":111,"column":9}},{"start":{"line":111,"column":10},"ann":"a","ident":"b","stop":{"line":111,"column":11}},{"start":{"line":111,"column":12},"ann":"[a]","ident":"xs","stop":{"line":111,"column":14}},{"start":{"line":111,"column":23},"ann":"x1:a -> x2:(b -> b) -> x4:b -> {VV : b | VV == construct f x1 x2 x4\n                                         && VV == x2 (f x4 x1)}","ident":"lq_anf$##7205759403792818782","stop":{"line":111,"column":36}},{"start":{"line":111,"column":34},"ann":"a -> b -> a","ident":"f","stop":{"line":111,"column":35}},{"start":{"line":111,"column":37},"ann":"{VV : forall a .\n      x1:a -> {VV : a | VV == id x1\n                        && VV == x1} | VV == id}","ident":"_","stop":{"line":111,"column":39}},{"start":{"line":111,"column":40},"ann":"{v : [a] | len v >= 0\n           && v == xs}","ident":"xs","stop":{"line":111,"column":42}},{"start":{"line":111,"column":43},"ann":"{VV : a | VV == b}","ident":"b","stop":{"line":111,"column":44}},{"start":{"line":116,"column":1},"ann":"forall a .\nx1:a -> {VV : a | VV == id x1\n                  && VV == x1}","ident":"Folds.id","stop":{"line":116,"column":3}},{"start":{"line":116,"column":4},"ann":"a","ident":"x","stop":{"line":116,"column":5}},{"start":{"line":120,"column":1},"ann":"forall a b c .\nx1:(a -> b -> a) -> x4:b -> x5:(a -> c) -> x7:a -> {VV : c | VV == construct x1 x4 x5 x7\n                                                             && VV == x5 (x1 x7 x4)}","ident":"Folds.construct","stop":{"line":120,"column":10}},{"start":{"line":120,"column":11},"ann":"a -> b -> a","ident":"f","stop":{"line":120,"column":12}},{"start":{"line":120,"column":13},"ann":"a","ident":"x","stop":{"line":120,"column":14}},{"start":{"line":120,"column":15},"ann":"a -> b","ident":"r","stop":{"line":120,"column":16}},{"start":{"line":120,"column":17},"ann":"a","ident":"acc","stop":{"line":120,"column":20}},{"start":{"line":120,"column":25},"ann":"{VV : a | VV == f acc x}","ident":"lq_anf$##7205759403792818779","stop":{"line":120,"column":34}},{"start":{"line":120,"column":28},"ann":"{VV : a | VV == acc}","ident":"acc","stop":{"line":120,"column":31}},{"start":{"line":120,"column":32},"ann":"{VV : a | VV == x}","ident":"x","stop":{"line":120,"column":33}},{"start":{"line":124,"column":1},"ann":"forall a b .\nx1:(a -> b -> b) -> x4:b -> x5:[a] -> {VV : b | VV == foldr x1 x4 x5}","ident":"Folds.foldr","stop":{"line":124,"column":6}},{"start":{"line":124,"column":9},"ann":"a","ident":"b","stop":{"line":124,"column":10}},{"start":{"line":124,"column":20},"ann":"{VV : a | VV == b}","ident":"b","stop":{"line":124,"column":21}},{"start":{"line":125,"column":20},"ann":"a -> b -> b","ident":"ds_d5t7","stop":{"line":125,"column":38}},{"start":{"line":125,"column":22},"ann":"{VV : a | VV == x}","ident":"x","stop":{"line":125,"column":23}},{"start":{"line":125,"column":24},"ann":"a","ident":"lq_anf$##7205759403792818781","stop":{"line":125,"column":38}},{"start":{"line":125,"column":31},"ann":"a -> b -> b","ident":"ds_d5t7","stop":{"line":125,"column":32}},{"start":{"line":125,"column":33},"ann":"{VV : a | VV == b}","ident":"b","stop":{"line":125,"column":34}},{"start":{"line":125,"column":35},"ann":"{v : [a] | len v >= 0\n           && v == xs}","ident":"xs","stop":{"line":125,"column":37}}],"errors":[]}