{"status":"safe","types":{"51":{"19":{"ann":"{v : [a] | len v >= 0\n           && v == xs}","ident":"xs","row":51,"col":19},"12":{"ann":"{v : [a] | v == map g xs}","ident":"lq_anf$##7205759403792844373","row":51,"col":12},"17":{"ann":"a -> b","ident":"g","row":51,"col":17}},"73":{"17":{"ann":"{VV : forall a <p :: a a -> Bool>.\n      {v : [a]<\\x3 VV -> {VV : a<p x3> | true}> | len v == 0\n                                                  && v == []} | VV == []}","ident":"_","row":73,"col":17},"1":{"ann":"forall a b . x1:(a -> b) -> x3:[a] -> {VV : [b] | VV == map x1 x3}","ident":"Map.map","row":73,"col":1},"5":{"ann":"a -> b","ident":"_f","row":73,"col":5}},"48":{"18":{"ann":"{v : [a] | len v >= 0\n           && v == xs}","ident":"xs","row":48,"col":18},"16":{"ann":"a -> b","ident":"f","row":48,"col":16},"5":{"ann":"(PropositionalEquality.EqT [a])","ident":"lq_anf$##7205759403792844370","row":48,"col":5},"11":{"ann":"{v : [a] | v == map f xs}","ident":"lq_anf$##7205759403792844369","row":48,"col":11}},"31":{"15":{"ann":"[a]","ident":"xs","row":31,"col":15},"7":{"ann":"a -> b","ident":"f","row":31,"col":7},"1":{"ann":"forall a b .\nx1:(a -> b) -> x3:(a -> b) -> {VV : (PropositionalEquality.EqT (a -> b)) | eqT x1 x3} -> x7:[a] -> {VV : (PropositionalEquality.EqT [b]) | eqT (map x1 x7) (map x3 x7)}","ident":"Map.mapEq","row":31,"col":1},"11":{"ann":"{VV : (PropositionalEquality.EqT a -> b) | eqT f g}","ident":"mpf","row":31,"col":11},"9":{"ann":"a -> b","ident":"g","row":31,"col":9}},"49":{"12":{"ann":"{v : [a] | v == flipMap xs f\n           && v == map f xs}","ident":"lq_anf$##7205759403792844371","row":49,"col":12},"21":{"ann":"{v : [a] | len v >= 0\n           && v == xs}","ident":"xs","row":49,"col":21},"24":{"ann":"a -> b","ident":"f","row":49,"col":24}},"50":{"12":{"ann":"{v : [a] | v == flipMap xs g\n           && v == map g xs}","ident":"lq_anf$##7205759403792844372","row":50,"col":12},"21":{"ann":"{v : [a] | len v >= 0\n           && v == xs}","ident":"xs","row":50,"col":21},"24":{"ann":"a -> b","ident":"g","row":50,"col":24}},"44":{"12":{"ann":"{VV : (PropositionalEquality.EqT a -> b) | eqT f g}","ident":"mpf","row":44,"col":12},"1":{"ann":"forall a b .\n(PEqProperties.Reflexivity<[]> [a], PEqProperties.Transitivity<[]> [a]) =>\nx3:(b -> a) -> x5:(b -> a) -> {VV : (PropositionalEquality.EqT (b -> a)) | eqT x3 x5} -> x9:[b] -> {VV : (PropositionalEquality.EqT [a]) | eqT (map x3 x9) (map x5 x9)}","ident":"Map.mapEq'","row":44,"col":1},"16":{"ann":"[a]","ident":"xs","row":44,"col":16},"8":{"ann":"a -> b","ident":"f","row":44,"col":8},"10":{"ann":"a -> b","ident":"g","row":44,"col":10}},"74":{"19":{"ann":"{VV : a | VV == x}","ident":"x","row":74,"col":19},"29":{"ann":"{v : [a] | len v >= 0\n           && v == xs}","ident":"xs","row":74,"col":29},"17":{"ann":"{VV : a | VV == _f x}","ident":"lq_anf$##7205759403792844358","row":74,"col":17},"23":{"ann":"{v : [a] | v == map _f xs}","ident":"lq_anf$##7205759403792844359","row":74,"col":23},"27":{"ann":"a -> b","ident":"_f","row":74,"col":27}},"53":{"7":{"ann":"(PropositionalEquality.EqT [a])","ident":"lq_anf$##7205759403792844377","row":53,"col":7},"25":{"ann":"a -> b","ident":"g","row":53,"col":25},"13":{"ann":"{v : [a] | v == flipMap xs g\n           && v == map g xs}","ident":"lq_anf$##7205759403792844376","row":53,"col":13},"22":{"ann":"{v : [a] | len v >= 0\n           && v == xs}","ident":"xs","row":53,"col":22}},"45":{"14":{"ann":"a -> b","ident":"f","row":45,"col":14},"16":{"ann":"{v : [a] | len v >= 0\n           && v == xs}","ident":"xs","row":45,"col":16},"9":{"ann":"{v : [a] | v == map f xs}","ident":"lq_anf$##7205759403792844366","row":45,"col":9}},"1":{"1":{"ann":"GHC.Types.Module","ident":"Map.$trModule","row":1,"col":1}},"59":{"25":{"ann":"a -> b","ident":"f","row":59,"col":25},"13":{"ann":"{VV : (PropositionalEquality.EqT a -> b) | eqT f g}","ident":"mpf","row":59,"col":13},"29":{"ann":"{v : (PropositionalEquality.EqT a -> b) | eqT f g\n                                          && v == mpf}","ident":"mpf","row":59,"col":29},"1":{"ann":"forall a b .\nx1:(a -> b) -> x3:(a -> b) -> {VV : (PropositionalEquality.EqT (a -> b)) | eqT x1 x3} -> {VV : (PropositionalEquality.EqT [a] -> [b]) | eqT (map x1) (map x3)}","ident":"Map.mapEq''","row":59,"col":1},"27":{"ann":"a -> b","ident":"g","row":59,"col":27},"11":{"ann":"a -> b","ident":"g","row":59,"col":11},"33":{"ann":"forall a b . x1:(a -> b) -> x3:[a] -> {VV : [b] | VV == map x1 x3}","ident":"Map.map","row":59,"col":33},"9":{"ann":"a -> b","ident":"f","row":59,"col":9}},"52":{"7":{"ann":"{v : (PropositionalEquality.EqT [a]) | lqdc##$select v == mpf\n                                       && lqdc##$select v == g\n                                       && lqdc##$select v == f}","ident":"lq_anf$##7205759403792844375","row":52,"col":7},"31":{"ann":"{v : [a] | len v >= 0\n           && v == xs}","ident":"xs","row":52,"col":31},"14":{"ann":"a -> b","ident":"f","row":52,"col":14},"22":{"ann":"x1:(a -> b) -> {v : [b] | v == flipMap xs x1\n                          && v == map x1 xs}","ident":"lq_anf$##7205759403792844374","row":52,"col":22},"18":{"ann":"{v : (PropositionalEquality.EqT a -> b) | eqT f g\n                                          && v == mpf}","ident":"mpf","row":52,"col":18},"16":{"ann":"a -> b","ident":"g","row":52,"col":16}},"34":{"18":{"ann":"{v : [a] | len v >= 0\n           && v == xs}","ident":"xs","row":34,"col":18},"16":{"ann":"a -> b","ident":"g","row":34,"col":16},"5":{"ann":"{v : () | map g xs == flipMap xs g\n          && v == mapFlipMap g xs}","ident":"lq_anf$##7205759403792844364","row":34,"col":5}},"69":{"22":{"ann":"{v : [a] | len v >= 0\n           && v == xs}","ident":"xs","row":69,"col":22},"12":{"ann":"a -> b","ident":"f","row":69,"col":12},"1":{"ann":"forall a b .\nx1:[a] -> x2:(a -> b) -> {VV : [b] | VV == flipMap x1 x2\n                                     && VV == map x2 x1}","ident":"Map.flipMap","row":69,"col":1},"20":{"ann":"a -> b","ident":"f","row":69,"col":20},"9":{"ann":"[a]","ident":"xs","row":69,"col":9}},"20":{"1":{"ann":"x1:[{v : GHC.Integer.Type.Integer | 0 <= v}] -> {VV : (PropositionalEquality.EqT [GHC.Integer.Type.Integer]) | eqT (map add1Int x1) (map add1Nat x1)}","ident":"Map.client","row":20,"col":1},"16":{"ann":"x1:GHC.Integer.Type.Integer -> {v : GHC.Integer.Type.Integer | v == add1Int x1\n                                                               && v == x1 + 1}","ident":"RefinedDomains.add1Int","row":20,"col":16},"24":{"ann":"x1:GHC.Integer.Type.Integer -> {v : GHC.Integer.Type.Integer | v == add1Nat x1\n                                                               && v == (if x1 >= 0 then x1 + 1 else 0)}","ident":"RefinedDomains.add1Nat","row":20,"col":24},"32":{"ann":"{v : (PropositionalEquality.EqT {v : GHC.Integer.Type.Integer | 0 <= v} -> GHC.Integer.Type.Integer) | eqT add1Int add1Nat\n                                                                                                       && v == pf}","ident":"RefinedDomains.pf","row":20,"col":32}},"46":{"18":{"ann":"{v : [a] | len v >= 0\n           && v == xs}","ident":"xs","row":46,"col":18},"21":{"ann":"a -> b","ident":"f","row":46,"col":21},"9":{"ann":"{v : [a] | v == flipMap xs f\n           && v == map f xs}","ident":"lq_anf$##7205759403792844367","row":46,"col":9}},"33":{"18":{"ann":"{v : [a] | len v >= 0\n           && v == xs}","ident":"xs","row":33,"col":18},"16":{"ann":"a -> b","ident":"f","row":33,"col":16},"5":{"ann":"{v : () | map f xs == flipMap xs f\n          && v == mapFlipMap f xs}","ident":"lq_anf$##7205759403792844362","row":33,"col":5}},"38":{"15":{"ann":"[a]","ident":"_xs","row":38,"col":15},"12":{"ann":"a -> b","ident":"_f","row":38,"col":12},"1":{"ann":"forall a b .\nx1:(a -> b) -> x3:[a] -> {VV : () | map x1 x3 == flipMap x3 x1}","ident":"Map.mapFlipMap","row":38,"col":1}},"47":{"14":{"ann":"a -> b","ident":"g","row":47,"col":14},"16":{"ann":"{v : [a] | len v >= 0\n           && v == xs}","ident":"xs","row":47,"col":16},"9":{"ann":"{v : [a] | v == map g xs}","ident":"lq_anf$##7205759403792844368","row":47,"col":9}},"24":{"28":{"ann":"x1:GHC.Integer.Type.Integer -> {v : GHC.Integer.Type.Integer | v == add1Nat x1\n                                                               && v == (if x1 >= 0 then x1 + 1 else 0)}","ident":"RefinedDomains.add1Nat","row":24,"col":28},"36":{"ann":"{v : (PropositionalEquality.EqT {v : GHC.Integer.Type.Integer | 0 <= v} -> GHC.Integer.Type.Integer) | eqT add1Int add1Nat\n                                                                                                       && v == pf}","ident":"RefinedDomains.pf","row":24,"col":36},"1":{"ann":"{VV : (PropositionalEquality.EqT [{v : GHC.Integer.Type.Integer | 0 <= v}] -> [GHC.Integer.Type.Integer]) | eqT (map add1Int) (map add1Nat)}","ident":"Map.client''","row":24,"col":1},"20":{"ann":"x1:GHC.Integer.Type.Integer -> {v : GHC.Integer.Type.Integer | v == add1Int x1\n                                                               && v == x1 + 1}","ident":"RefinedDomains.add1Int","row":24,"col":20}},"32":{"13":{"ann":"{v : (PropositionalEquality.EqT a -> b) | eqT f g\n                                          && v == mpf}","ident":"mpf","row":32,"col":13},"17":{"ann":"x1:(a -> b) -> {v : [b] | v == flipMap xs x1\n                          && v == map x1 xs}","ident":"lq_anf$##7205759403792844360","row":32,"col":17},"26":{"ann":"{v : [a] | len v >= 0\n           && v == xs}","ident":"xs","row":32,"col":26},"11":{"ann":"a -> b","ident":"g","row":32,"col":11},"3":{"ann":"{v : (PropositionalEquality.EqT [a]) | lqdc##$select v == mpf\n                                       && lqdc##$select v == g\n                                       && lqdc##$select v == f}","ident":"lq_anf$##7205759403792844361","row":32,"col":3},"9":{"ann":"a -> b","ident":"f","row":32,"col":9}}},"sptypes":[{"start":{"line":1,"column":1},"ann":"GHC.Types.Module","ident":"Map.$trModule","stop":{"line":1,"column":1}},{"start":{"line":20,"column":1},"ann":"x1:[{v : GHC.Integer.Type.Integer | 0 <= v}] -> {VV : (PropositionalEquality.EqT [GHC.Integer.Type.Integer]) | eqT (map add1Int x1) (map add1Nat x1)}","ident":"Map.client","stop":{"line":20,"column":7}},{"start":{"line":20,"column":16},"ann":"x1:GHC.Integer.Type.Integer -> {v : GHC.Integer.Type.Integer | v == add1Int x1\n                                                               && v == x1 + 1}","ident":"RefinedDomains.add1Int","stop":{"line":20,"column":23}},{"start":{"line":20,"column":24},"ann":"x1:GHC.Integer.Type.Integer -> {v : GHC.Integer.Type.Integer | v == add1Nat x1\n                                                               && v == (if x1 >= 0 then x1 + 1 else 0)}","ident":"RefinedDomains.add1Nat","stop":{"line":20,"column":31}},{"start":{"line":20,"column":32},"ann":"{v : (PropositionalEquality.EqT {v : GHC.Integer.Type.Integer | 0 <= v} -> GHC.Integer.Type.Integer) | eqT add1Int add1Nat\n                                                                                                       && v == pf}","ident":"RefinedDomains.pf","stop":{"line":20,"column":34}},{"start":{"line":24,"column":1},"ann":"{VV : (PropositionalEquality.EqT [{v : GHC.Integer.Type.Integer | 0 <= v}] -> [GHC.Integer.Type.Integer]) | eqT (map add1Int) (map add1Nat)}","ident":"Map.client''","stop":{"line":24,"column":9}},{"start":{"line":24,"column":20},"ann":"x1:GHC.Integer.Type.Integer -> {v : GHC.Integer.Type.Integer | v == add1Int x1\n                                                               && v == x1 + 1}","ident":"RefinedDomains.add1Int","stop":{"line":24,"column":27}},{"start":{"line":24,"column":28},"ann":"x1:GHC.Integer.Type.Integer -> {v : GHC.Integer.Type.Integer | v == add1Nat x1\n                                                               && v == (if x1 >= 0 then x1 + 1 else 0)}","ident":"RefinedDomains.add1Nat","stop":{"line":24,"column":35}},{"start":{"line":24,"column":36},"ann":"{v : (PropositionalEquality.EqT {v : GHC.Integer.Type.Integer | 0 <= v} -> GHC.Integer.Type.Integer) | eqT add1Int add1Nat\n                                                                                                       && v == pf}","ident":"RefinedDomains.pf","stop":{"line":24,"column":38}},{"start":{"line":31,"column":1},"ann":"forall a b .\nx1:(a -> b) -> x3:(a -> b) -> {VV : (PropositionalEquality.EqT (a -> b)) | eqT x1 x3} -> x7:[a] -> {VV : (PropositionalEquality.EqT [b]) | eqT (map x1 x7) (map x3 x7)}","ident":"Map.mapEq","stop":{"line":31,"column":6}},{"start":{"line":31,"column":7},"ann":"a -> b","ident":"f","stop":{"line":31,"column":8}},{"start":{"line":31,"column":9},"ann":"a -> b","ident":"g","stop":{"line":31,"column":10}},{"start":{"line":31,"column":11},"ann":"{VV : (PropositionalEquality.EqT a -> b) | eqT f g}","ident":"mpf","stop":{"line":31,"column":14}},{"start":{"line":31,"column":15},"ann":"[a]","ident":"xs","stop":{"line":31,"column":17}},{"start":{"line":32,"column":3},"ann":"{v : (PropositionalEquality.EqT [a]) | lqdc##$select v == mpf\n                                       && lqdc##$select v == g\n                                       && lqdc##$select v == f}","ident":"lq_anf$##7205759403792844361","stop":{"line":32,"column":29}},{"start":{"line":32,"column":9},"ann":"a -> b","ident":"f","stop":{"line":32,"column":10}},{"start":{"line":32,"column":11},"ann":"a -> b","ident":"g","stop":{"line":32,"column":12}},{"start":{"line":32,"column":13},"ann":"{v : (PropositionalEquality.EqT a -> b) | eqT f g\n                                          && v == mpf}","ident":"mpf","stop":{"line":32,"column":16}},{"start":{"line":32,"column":17},"ann":"x1:(a -> b) -> {v : [b] | v == flipMap xs x1\n                          && v == map x1 xs}","ident":"lq_anf$##7205759403792844360","stop":{"line":32,"column":29}},{"start":{"line":32,"column":26},"ann":"{v : [a] | len v >= 0\n           && v == xs}","ident":"xs","stop":{"line":32,"column":28}},{"start":{"line":33,"column":5},"ann":"{v : () | map f xs == flipMap xs f\n          && v == mapFlipMap f xs}","ident":"lq_anf$##7205759403792844362","stop":{"line":33,"column":20}},{"start":{"line":33,"column":16},"ann":"a -> b","ident":"f","stop":{"line":33,"column":17}},{"start":{"line":33,"column":18},"ann":"{v : [a] | len v >= 0\n           && v == xs}","ident":"xs","stop":{"line":33,"column":20}},{"start":{"line":34,"column":5},"ann":"{v : () | map g xs == flipMap xs g\n          && v == mapFlipMap g xs}","ident":"lq_anf$##7205759403792844364","stop":{"line":34,"column":20}},{"start":{"line":34,"column":16},"ann":"a -> b","ident":"g","stop":{"line":34,"column":17}},{"start":{"line":34,"column":18},"ann":"{v : [a] | len v >= 0\n           && v == xs}","ident":"xs","stop":{"line":34,"column":20}},{"start":{"line":38,"column":1},"ann":"forall a b .\nx1:(a -> b) -> x3:[a] -> {VV : () | map x1 x3 == flipMap x3 x1}","ident":"Map.mapFlipMap","stop":{"line":38,"column":11}},{"start":{"line":38,"column":12},"ann":"a -> b","ident":"_f","stop":{"line":38,"column":14}},{"start":{"line":38,"column":15},"ann":"[a]","ident":"_xs","stop":{"line":38,"column":18}},{"start":{"line":44,"column":1},"ann":"forall a b .\n(PEqProperties.Reflexivity<[]> [a], PEqProperties.Transitivity<[]> [a]) =>\nx3:(b -> a) -> x5:(b -> a) -> {VV : (PropositionalEquality.EqT (b -> a)) | eqT x3 x5} -> x9:[b] -> {VV : (PropositionalEquality.EqT [a]) | eqT (map x3 x9) (map x5 x9)}","ident":"Map.mapEq'","stop":{"line":44,"column":7}},{"start":{"line":44,"column":8},"ann":"a -> b","ident":"f","stop":{"line":44,"column":9}},{"start":{"line":44,"column":10},"ann":"a -> b","ident":"g","stop":{"line":44,"column":11}},{"start":{"line":44,"column":12},"ann":"{VV : (PropositionalEquality.EqT a -> b) | eqT f g}","ident":"mpf","stop":{"line":44,"column":15}},{"start":{"line":44,"column":16},"ann":"[a]","ident":"xs","stop":{"line":44,"column":18}},{"start":{"line":45,"column":9},"ann":"{v : [a] | v == map f xs}","ident":"lq_anf$##7205759403792844366","stop":{"line":45,"column":19}},{"start":{"line":45,"column":14},"ann":"a -> b","ident":"f","stop":{"line":45,"column":15}},{"start":{"line":45,"column":16},"ann":"{v : [a] | len v >= 0\n           && v == xs}","ident":"xs","stop":{"line":45,"column":18}},{"start":{"line":46,"column":9},"ann":"{v : [a] | v == flipMap xs f\n           && v == map f xs}","ident":"lq_anf$##7205759403792844367","stop":{"line":46,"column":23}},{"start":{"line":46,"column":18},"ann":"{v : [a] | len v >= 0\n           && v == xs}","ident":"xs","stop":{"line":46,"column":20}},{"start":{"line":46,"column":21},"ann":"a -> b","ident":"f","stop":{"line":46,"column":22}},{"start":{"line":47,"column":9},"ann":"{v : [a] | v == map g xs}","ident":"lq_anf$##7205759403792844368","stop":{"line":47,"column":19}},{"start":{"line":47,"column":14},"ann":"a -> b","ident":"g","stop":{"line":47,"column":15}},{"start":{"line":47,"column":16},"ann":"{v : [a] | len v >= 0\n           && v == xs}","ident":"xs","stop":{"line":47,"column":18}},{"start":{"line":48,"column":5},"ann":"(PropositionalEquality.EqT [a])","ident":"lq_anf$##7205759403792844370","stop":{"line":48,"column":22}},{"start":{"line":48,"column":11},"ann":"{v : [a] | v == map f xs}","ident":"lq_anf$##7205759403792844369","stop":{"line":48,"column":21}},{"start":{"line":48,"column":16},"ann":"a -> b","ident":"f","stop":{"line":48,"column":17}},{"start":{"line":48,"column":18},"ann":"{v : [a] | len v >= 0\n           && v == xs}","ident":"xs","stop":{"line":48,"column":20}},{"start":{"line":49,"column":12},"ann":"{v : [a] | v == flipMap xs f\n           && v == map f xs}","ident":"lq_anf$##7205759403792844371","stop":{"line":49,"column":26}},{"start":{"line":49,"column":21},"ann":"{v : [a] | len v >= 0\n           && v == xs}","ident":"xs","stop":{"line":49,"column":23}},{"start":{"line":49,"column":24},"ann":"a -> b","ident":"f","stop":{"line":49,"column":25}},{"start":{"line":50,"column":12},"ann":"{v : [a] | v == flipMap xs g\n           && v == map g xs}","ident":"lq_anf$##7205759403792844372","stop":{"line":50,"column":26}},{"start":{"line":50,"column":21},"ann":"{v : [a] | len v >= 0\n           && v == xs}","ident":"xs","stop":{"line":50,"column":23}},{"start":{"line":50,"column":24},"ann":"a -> b","ident":"g","stop":{"line":50,"column":25}},{"start":{"line":51,"column":12},"ann":"{v : [a] | v == map g xs}","ident":"lq_anf$##7205759403792844373","stop":{"line":51,"column":22}},{"start":{"line":51,"column":17},"ann":"a -> b","ident":"g","stop":{"line":51,"column":18}},{"start":{"line":51,"column":19},"ann":"{v : [a] | len v >= 0\n           && v == xs}","ident":"xs","stop":{"line":51,"column":21}},{"start":{"line":52,"column":7},"ann":"{v : (PropositionalEquality.EqT [a]) | lqdc##$select v == mpf\n                                       && lqdc##$select v == g\n                                       && lqdc##$select v == f}","ident":"lq_anf$##7205759403792844375","stop":{"line":52,"column":35}},{"start":{"line":52,"column":14},"ann":"a -> b","ident":"f","stop":{"line":52,"column":15}},{"start":{"line":52,"column":16},"ann":"a -> b","ident":"g","stop":{"line":52,"column":17}},{"start":{"line":52,"column":18},"ann":"{v : (PropositionalEquality.EqT a -> b) | eqT f g\n                                          && v == mpf}","ident":"mpf","stop":{"line":52,"column":21}},{"start":{"line":52,"column":22},"ann":"x1:(a -> b) -> {v : [b] | v == flipMap xs x1\n                          && v == map x1 xs}","ident":"lq_anf$##7205759403792844374","stop":{"line":52,"column":34}},{"start":{"line":52,"column":31},"ann":"{v : [a] | len v >= 0\n           && v == xs}","ident":"xs","stop":{"line":52,"column":33}},{"start":{"line":53,"column":7},"ann":"(PropositionalEquality.EqT [a])","ident":"lq_anf$##7205759403792844377","stop":{"line":53,"column":28}},{"start":{"line":53,"column":13},"ann":"{v : [a] | v == flipMap xs g\n           && v == map g xs}","ident":"lq_anf$##7205759403792844376","stop":{"line":53,"column":27}},{"start":{"line":53,"column":22},"ann":"{v : [a] | len v >= 0\n           && v == xs}","ident":"xs","stop":{"line":53,"column":24}},{"start":{"line":53,"column":25},"ann":"a -> b","ident":"g","stop":{"line":53,"column":26}},{"start":{"line":59,"column":1},"ann":"forall a b .\nx1:(a -> b) -> x3:(a -> b) -> {VV : (PropositionalEquality.EqT (a -> b)) | eqT x1 x3} -> {VV : (PropositionalEquality.EqT [a] -> [b]) | eqT (map x1) (map x3)}","ident":"Map.mapEq''","stop":{"line":59,"column":8}},{"start":{"line":59,"column":9},"ann":"a -> b","ident":"f","stop":{"line":59,"column":10}},{"start":{"line":59,"column":11},"ann":"a -> b","ident":"g","stop":{"line":59,"column":12}},{"start":{"line":59,"column":13},"ann":"{VV : (PropositionalEquality.EqT a -> b) | eqT f g}","ident":"mpf","stop":{"line":59,"column":16}},{"start":{"line":59,"column":25},"ann":"a -> b","ident":"f","stop":{"line":59,"column":26}},{"start":{"line":59,"column":27},"ann":"a -> b","ident":"g","stop":{"line":59,"column":28}},{"start":{"line":59,"column":29},"ann":"{v : (PropositionalEquality.EqT a -> b) | eqT f g\n                                          && v == mpf}","ident":"mpf","stop":{"line":59,"column":32}},{"start":{"line":59,"column":33},"ann":"forall a b . x1:(a -> b) -> x3:[a] -> {VV : [b] | VV == map x1 x3}","ident":"Map.map","stop":{"line":59,"column":36}},{"start":{"line":69,"column":1},"ann":"forall a b .\nx1:[a] -> x2:(a -> b) -> {VV : [b] | VV == flipMap x1 x2\n                                     && VV == map x2 x1}","ident":"Map.flipMap","stop":{"line":69,"column":8}},{"start":{"line":69,"column":9},"ann":"[a]","ident":"xs","stop":{"line":69,"column":11}},{"start":{"line":69,"column":12},"ann":"a -> b","ident":"f","stop":{"line":69,"column":13}},{"start":{"line":69,"column":20},"ann":"a -> b","ident":"f","stop":{"line":69,"column":21}},{"start":{"line":69,"column":22},"ann":"{v : [a] | len v >= 0\n           && v == xs}","ident":"xs","stop":{"line":69,"column":24}},{"start":{"line":73,"column":1},"ann":"forall a b . x1:(a -> b) -> x3:[a] -> {VV : [b] | VV == map x1 x3}","ident":"Map.map","stop":{"line":73,"column":4}},{"start":{"line":73,"column":5},"ann":"a -> b","ident":"_f","stop":{"line":73,"column":7}},{"start":{"line":73,"column":17},"ann":"{VV : forall a <p :: a a -> Bool>.\n      {v : [a]<\\x3 VV -> {VV : a<p x3> | true}> | len v == 0\n                                                  && v == []} | VV == []}","ident":"_","stop":{"line":73,"column":19}},{"start":{"line":74,"column":17},"ann":"{VV : a | VV == _f x}","ident":"lq_anf$##7205759403792844358","stop":{"line":74,"column":20}},{"start":{"line":74,"column":19},"ann":"{VV : a | VV == x}","ident":"x","stop":{"line":74,"column":20}},{"start":{"line":74,"column":23},"ann":"{v : [a] | v == map _f xs}","ident":"lq_anf$##7205759403792844359","stop":{"line":74,"column":31}},{"start":{"line":74,"column":27},"ann":"a -> b","ident":"_f","stop":{"line":74,"column":28}},{"start":{"line":74,"column":29},"ann":"{v : [a] | len v >= 0\n           && v == xs}","ident":"xs","stop":{"line":74,"column":31}}],"errors":[]}