{"status":"safe","types":{"51":{"10":{"ann":"forall a .\n(PEqProperties.SMTEq<[]> a) =>\n(PEqProperties.Transitivity a)","ident":"PEqProperties.$fTransitivitya","row":51,"col":10}},"15":{"7":{"ann":"a","ident":"y","row":15,"col":7},"1":{"ann":"{VV : a | VV == y}","ident":"y","row":15,"col":1},"3":{"ann":"forall a . a -> a -> a","ident":"PEqProperties.=~=","row":15,"col":3}},"37":{"10":{"ann":"forall a .\n(PEqProperties.SMTEq<[]> a) =>\n(PEqProperties.Symmetry a)","ident":"PEqProperties.$fSymmetrya","row":37,"col":10}},"25":{"22":{"ann":"{v : () | bbEq a a\n          && v == reflP a}","ident":"lq_anf$##7205759403792810110","row":25,"col":22},"29":{"ann":"{VV : a | VV == a}","ident":"a","row":25,"col":29},"18":{"ann":"{VV : a | VV == a}","ident":"a","row":25,"col":18},"20":{"ann":"{VV : a | VV == a}","ident":"a","row":25,"col":20},"8":{"ann":"a","ident":"a","row":25,"col":8},"3":{"ann":"forall a .\n(PropositionalEquality.AEq<[]> a) =>\na -> (PropositionalEquality.EqT a)","ident":"$crefl","row":25,"col":3}},"28":{"37":{"ann":"{VV : a | VV == a}","ident":"a","row":28,"col":37},"22":{"ann":"{v : (PEqProperties.Reflexivity a) | v == $dReflexivity_a1QX}","ident":"$dReflexivity_a1QX","row":28,"col":22},"18":{"ann":"a -> b","ident":"f","row":28,"col":18},"34":{"ann":"{VV : a | VV == f a}","ident":"lq_anf$##7205759403792810112","row":28,"col":34},"20":{"ann":"a -> b","ident":"f","row":28,"col":20},"8":{"ann":"a -> b","ident":"f","row":28,"col":8},"3":{"ann":"forall a b .\n(PEqProperties.Reflexivity<[]> a) =>\n(b -> a) -> (PropositionalEquality.EqT b -> a)","ident":"$crefl","row":28,"col":3},"24":{"ann":"a","ident":"a","row":28,"col":24}},"57":{"73":{"ann":"{VV : a | VV == a}","ident":"a","row":57,"col":73},"48":{"ann":"{VV : a | VV == a}","ident":"a","row":57,"col":48},"25":{"ann":"{v : (PropositionalEquality.EqT a) | lqdc##$select v == pfXY\n                                     && lqdc##$select v == y\n                                     && lqdc##$select v == x}","ident":"lq_anf$##7205759403792810148","row":57,"col":25},"75":{"ann":"a -> b","ident":"y","row":57,"col":75},"31":{"ann":"a -> b","ident":"x","row":57,"col":31},"66":{"ann":"{VV : a | VV == dollar a y\n          && VV == y a}","ident":"lq_anf$##7205759403792810151","row":57,"col":66},"53":{"ann":"{VV : a | VV == dollar a x\n          && VV == x a}","ident":"lq_anf$##7205759403792810149","row":57,"col":53},"35":{"ann":"{v : (PropositionalEquality.EqT a -> b) | v == pfXY}","ident":"pfXY","row":57,"col":35},"40":{"ann":"x1:(a -> b) -> {VV : b | VV == dollar a x1\n                         && VV == x1 a}","ident":"lq_anf$##7205759403792810147","row":57,"col":40},"62":{"ann":"a -> b","ident":"x","row":57,"col":62},"33":{"ann":"a -> b","ident":"y","row":57,"col":33},"24":{"ann":"(PropositionalEquality.EqT a)","ident":"lq_anf$##7205759403792810152","row":57,"col":24},"60":{"ann":"{VV : a | VV == a}","ident":"a","row":57,"col":60}},"85":{"10":{"ann":"forall a .\n(PropositionalEquality.AEq<[]> a) =>\n(PEqProperties.SMTEq a)","ident":"PEqProperties.$fSMTEqa","row":85,"col":10}},"72":{"61":{"ann":"{VV : a | VV == flip ctx b x\n          && VV == ctx x b}","ident":"lq_anf$##7205759403792810139","row":72,"col":61},"43":{"ann":"{v : (PropositionalEquality.EqT a) | v == pf}","ident":"pf","row":72,"col":43},"85":{"ann":"{VV : a | VV == b}","ident":"b","row":72,"col":85},"72":{"ann":"{VV : a | VV == x}","ident":"x","row":72,"col":72},"19":{"ann":"a -> b","ident":"lq_anf$##7205759403792810136","row":72,"col":19},"66":{"ann":"a -> b -> c","ident":"ctx","row":72,"col":66},"29":{"ann":"a","ident":"b","row":72,"col":29},"56":{"ann":"{VV : a | VV == b}","ident":"b","row":72,"col":56},"52":{"ann":"a -> b -> c","ident":"ctx","row":72,"col":52},"70":{"ann":"{VV : a | VV == b}","ident":"b","row":72,"col":70},"16":{"ann":"{VV : a | VV == x}","ident":"x","row":72,"col":16},"34":{"ann":"(PropositionalEquality.EqT a)","ident":"lq_anf$##7205759403792810138","row":72,"col":34},"87":{"ann":"{VV : a | VV == y}","ident":"y","row":72,"col":87},"39":{"ann":"{VV : a | VV == x}","ident":"x","row":72,"col":39},"46":{"ann":"x1:a -> {VV : b | VV == flip ctx b x1\n                  && VV == ctx x1 b}","ident":"lq_anf$##7205759403792810137","row":72,"col":46},"27":{"ann":"{VV : forall a b <pb :: b -> Bool, pa :: a -> Bool>.\n      {VV : a<pa> | true} -> {VV : b<pb> | true} -> {VV : a<pa> | true} | VV == ?}","ident":"Language.Haskell.Liquid.ProofCombinators.?","row":72,"col":27},"41":{"ann":"{VV : a | VV == y}","ident":"y","row":72,"col":41},"11":{"ann":"a -> b","ident":"lq_anf$##7205759403792810135","row":72,"col":11},"24":{"ann":"{VV : a | VV == y}","ident":"y","row":72,"col":24},"76":{"ann":"{VV : a | VV == flip ctx b y\n          && VV == ctx y b}","ident":"lq_anf$##7205759403792810141","row":72,"col":76},"81":{"ann":"a -> b -> c","ident":"ctx","row":72,"col":81}},"91":{"1":{"ann":"forall a .\n(PropositionalEquality.AEq<[]> a) =>\nx2:a -> x3:a -> {VV : () | x2 == x3}","ident":"PEqProperties.aEqToSMT","row":91,"col":1}},"56":{"37":{"ann":"{VV : a | VV == a}","ident":"a","row":56,"col":37},"43":{"ann":"{VV : a | VV == a}","ident":"a","row":56,"col":43},"28":{"ann":"{VV : a | VV == x a}","ident":"lq_anf$##7205759403792810144","row":56,"col":28},"13":{"ann":"a -> b","ident":"z","row":56,"col":13},"31":{"ann":"{VV : a | VV == a}","ident":"a","row":56,"col":31},"17":{"ann":"a","ident":"a","row":56,"col":17},"40":{"ann":"{VV : a | VV == z a}","ident":"lq_anf$##7205759403792810146","row":56,"col":40},"34":{"ann":"{VV : a | VV == y a}","ident":"lq_anf$##7205759403792810145","row":56,"col":34},"11":{"ann":"a -> b","ident":"x","row":56,"col":11}},"86":{"29":{"ann":"{VV : a | VV == y}","ident":"y","row":86,"col":29},"27":{"ann":"{VV : a | VV == x}","ident":"x","row":86,"col":27},"11":{"ann":"a","ident":"y","row":86,"col":11},"3":{"ann":"forall a .\n(PropositionalEquality.AEq<[]> a) =>\nx:a -> y:a -> (PropositionalEquality.EqT a) -> {v : () | x == y\n                                                         && v == aEqToSMT x y}","ident":"$ctoSMT","row":86,"col":3},"9":{"ann":"a","ident":"x","row":86,"col":9}},"71":{"15":{"ann":"a -> b -> c","ident":"ctx","row":71,"col":15},"12":{"ann":"(PropositionalEquality.EqT a)","ident":"pf","row":71,"col":12},"8":{"ann":"a","ident":"x","row":71,"col":8},"3":{"ann":"forall a b c .\n(PEqProperties.Congruence<[]> a b) =>\nx:a -> y:a -> pf:(PropositionalEquality.EqT a) -> (a -> c -> b) -> (PropositionalEquality.EqT c -> b)","ident":"$ccong","row":71,"col":3},"10":{"ann":"a","ident":"y","row":71,"col":10}},"68":{"15":{"ann":"a -> b","ident":"ctx","row":68,"col":15},"43":{"ann":"{v : () | x == y}","ident":"lq_anf$##7205759403792810131","row":68,"col":43},"50":{"ann":"{VV : a | VV == x}","ident":"x","row":68,"col":50},"72":{"ann":"{VV : a | VV == ctx x}","ident":"lq_anf$##7205759403792810128","row":68,"col":72},"66":{"ann":"()","ident":"lq_anf$##7205759403792810129","row":68,"col":66},"12":{"ann":"(PropositionalEquality.EqT a)","ident":"pf","row":68,"col":12},"35":{"ann":"{VV : a | VV == ctx y}","ident":"lq_anf$##7205759403792810127","row":68,"col":35},"40":{"ann":"{VV : a | VV == y}","ident":"y","row":68,"col":40},"52":{"ann":"{VV : a | VV == y}","ident":"y","row":68,"col":52},"27":{"ann":"{VV : a | VV == ctx x}","ident":"lq_anf$##7205759403792810126","row":68,"col":27},"8":{"ann":"a","ident":"x","row":68,"col":8},"55":{"ann":"{v : (PropositionalEquality.EqT a) | v == pf}","ident":"pf","row":68,"col":55},"77":{"ann":"{VV : a | VV == x}","ident":"x","row":68,"col":77},"3":{"ann":"forall a b .\n(PEqProperties.SMTEq<[]> a, PropositionalEquality.AEq<[]> b) =>\nx:a -> y:a -> pf:(PropositionalEquality.EqT a) -> (a -> b) -> (PropositionalEquality.EqT b)","ident":"$ccong","row":68,"col":3},"54":{"ann":"(PropositionalEquality.EqT a)","ident":"lq_anf$##7205759403792810130","row":68,"col":54},"10":{"ann":"a","ident":"y","row":68,"col":10},"32":{"ann":"{VV : a | VV == x}","ident":"x","row":68,"col":32}},"67":{"10":{"ann":"forall a b .\n(PEqProperties.SMTEq<[]> a, PropositionalEquality.AEq<[]> b) =>\n(PEqProperties.Congruence a b)","ident":"PEqProperties.$fCongruenceab","row":67,"col":10}},"1":{"1":{"ann":"GHC.Types.Module","ident":"PEqProperties.$trModule","row":1,"col":1}},"40":{"10":{"ann":"forall a b .\n(PEqProperties.Symmetry<[]> a) =>\n(PEqProperties.Symmetry b -> a)","ident":"PEqProperties.$fSymmetry->","row":40,"col":10}},"52":{"15":{"ann":"(PropositionalEquality.EqT a)","ident":"pfXY","row":52,"col":15},"13":{"ann":"a","ident":"z","row":52,"col":13},"49":{"ann":"{v : (PropositionalEquality.EqT a) | v == pfXY}","ident":"pfXY","row":52,"col":49},"66":{"ann":"(PropositionalEquality.EqT a)","ident":"lq_anf$##7205759403792810122","row":52,"col":66},"56":{"ann":"{v : () | y == z}","ident":"lq_anf$##7205759403792810123","row":52,"col":56},"86":{"ann":"{VV : a | VV == y}","ident":"y","row":52,"col":86},"35":{"ann":"{VV : a | VV == z}","ident":"z","row":52,"col":35},"45":{"ann":"{VV : a | VV == x}","ident":"x","row":52,"col":45},"67":{"ann":"{v : (PropositionalEquality.EqT a) | v == pfYZ}","ident":"pfYZ","row":52,"col":67},"62":{"ann":"{VV : a | VV == y}","ident":"y","row":52,"col":62},"20":{"ann":"(PropositionalEquality.EqT a)","ident":"pfYZ","row":52,"col":20},"39":{"ann":"{v : () | x == y\n          && v == toSMT x y pfXY}","ident":"lq_anf$##7205759403792810120","row":52,"col":39},"64":{"ann":"{VV : a | VV == z}","ident":"z","row":52,"col":64},"27":{"ann":"{v : () | bbEq x z} -> {v : (PropositionalEquality.EqT a) | eqT x z}","ident":"lq_anf$##7205759403792810119","row":52,"col":27},"80":{"ann":"{v : () | bbEq y y\n          && v == reflP y}","ident":"lq_anf$##7205759403792810121","row":52,"col":80},"11":{"ann":"a","ident":"y","row":52,"col":11},"33":{"ann":"{VV : a | VV == x}","ident":"x","row":52,"col":33},"47":{"ann":"{VV : a | VV == y}","ident":"y","row":52,"col":47},"3":{"ann":"forall a .\n(PEqProperties.SMTEq<[]> a) =>\na -> a -> a -> (PropositionalEquality.EqT a) -> (PropositionalEquality.EqT a) -> (PropositionalEquality.EqT a)","ident":"$ctrans","row":52,"col":3},"9":{"ann":"a","ident":"x","row":52,"col":9}},"70":{"10":{"ann":"forall a b c .\n(PEqProperties.Congruence<[]> a b) =>\n(PEqProperties.Congruence a c -> b)","ident":"PEqProperties.$fCongruencea->","row":70,"col":10}},"58":{"73":{"ann":"{VV : a | VV == a}","ident":"a","row":58,"col":73},"48":{"ann":"{VV : a | VV == a}","ident":"a","row":58,"col":48},"25":{"ann":"{v : (PropositionalEquality.EqT a) | lqdc##$select v == pfYZ\n                                     && lqdc##$select v == z\n                                     && lqdc##$select v == y}","ident":"lq_anf$##7205759403792810154","row":58,"col":25},"75":{"ann":"a -> b","ident":"z","row":58,"col":75},"31":{"ann":"a -> b","ident":"y","row":58,"col":31},"66":{"ann":"{VV : a | VV == dollar a z\n          && VV == z a}","ident":"lq_anf$##7205759403792810157","row":58,"col":66},"53":{"ann":"{VV : a | VV == dollar a y\n          && VV == y a}","ident":"lq_anf$##7205759403792810155","row":58,"col":53},"35":{"ann":"{v : (PropositionalEquality.EqT a -> b) | v == pfYZ}","ident":"pfYZ","row":58,"col":35},"40":{"ann":"x1:(a -> b) -> {VV : b | VV == dollar a x1\n                         && VV == x1 a}","ident":"lq_anf$##7205759403792810153","row":58,"col":40},"62":{"ann":"a -> b","ident":"y","row":58,"col":62},"33":{"ann":"a -> b","ident":"z","row":58,"col":33},"24":{"ann":"(PropositionalEquality.EqT a)","ident":"lq_anf$##7205759403792810158","row":58,"col":24},"60":{"ann":"{VV : a | VV == a}","ident":"a","row":58,"col":60}},"27":{"10":{"ann":"forall a b .\n(PEqProperties.Reflexivity<[]> a) =>\n(PEqProperties.Reflexivity b -> a)","ident":"PEqProperties.$fReflexivity->","row":27,"col":10}},"41":{"7":{"ann":"a -> b","ident":"l","row":41,"col":7},"22":{"ann":"a -> b","ident":"r","row":41,"col":22},"44":{"ann":"{VV : a | VV == r a}","ident":"lq_anf$##7205759403792810163","row":41,"col":44},"29":{"ann":"a","ident":"a","row":41,"col":29},"16":{"ann":"x1:(x2:a -> {v : (PropositionalEquality.EqT b) | eqT (r x2) (l x2)}) -> {v : (PropositionalEquality.EqT a -> b) | lqdc##$select v == x1\n                                                                                                                  && lqdc##$select v == l\n                                                                                                                  && lqdc##$select v == r\n                                                                                                                  && eqT r l\n                                                                                                                  && v == $WEqFun r l x1}","ident":"lq_anf$##7205759403792810161","row":41,"col":16},"41":{"ann":"{VV : a | VV == a}","ident":"a","row":41,"col":41},"11":{"ann":"(PropositionalEquality.EqT a -> b)","ident":"pf","row":41,"col":11},"38":{"ann":"{VV : a | VV == l a}","ident":"lq_anf$##7205759403792810162","row":41,"col":38},"47":{"ann":"{VV : a | VV == a}","ident":"a","row":41,"col":47},"3":{"ann":"forall a b .\n(PEqProperties.Symmetry<[]> a) =>\nl:(b -> a) -> r:(b -> a) -> (PropositionalEquality.EqT (b -> a)) -> (PropositionalEquality.EqT b -> a)","ident":"$csym","row":41,"col":3},"24":{"ann":"a -> b","ident":"l","row":41,"col":24},"9":{"ann":"a -> b","ident":"r","row":41,"col":9}},"55":{"15":{"ann":"(PropositionalEquality.EqT a -> b)","ident":"pfXY","row":55,"col":15},"13":{"ann":"a -> b","ident":"z","row":55,"col":13},"20":{"ann":"(PropositionalEquality.EqT a -> b)","ident":"pfYZ","row":55,"col":20},"11":{"ann":"a -> b","ident":"y","row":55,"col":11},"3":{"ann":"forall a b .\n(PEqProperties.Transitivity<[]> a) =>\nx:(b -> a) -> y:(b -> a) -> z:(b -> a) -> pfXY:(PropositionalEquality.EqT (b -> a)) -> (PropositionalEquality.EqT (b -> a)) -> (PropositionalEquality.EqT b -> a)","ident":"$ctrans","row":55,"col":3},"9":{"ann":"a -> b","ident":"x","row":55,"col":9}},"38":{"37":{"ann":"(PropositionalEquality.EqT a)","ident":"lq_anf$##7205759403792810116","row":38,"col":37},"7":{"ann":"a","ident":"l","row":38,"col":7},"49":{"ann":"{v : () | bbEq r r\n          && v == reflP r}","ident":"lq_anf$##7205759403792810115","row":38,"col":49},"22":{"ann":"{VV : a | VV == r}","ident":"r","row":38,"col":22},"35":{"ann":"{VV : a | VV == r}","ident":"r","row":38,"col":35},"26":{"ann":"{v : () | l == r}","ident":"lq_anf$##7205759403792810117","row":38,"col":26},"55":{"ann":"{VV : a | VV == r}","ident":"r","row":38,"col":55},"11":{"ann":"(PropositionalEquality.EqT a)","ident":"pf","row":38,"col":11},"33":{"ann":"{VV : a | VV == l}","ident":"l","row":38,"col":33},"38":{"ann":"{v : (PropositionalEquality.EqT a) | v == pf}","ident":"pf","row":38,"col":38},"3":{"ann":"forall a .\n(PEqProperties.SMTEq<[]> a) =>\na -> a -> (PropositionalEquality.EqT a) -> (PropositionalEquality.EqT a)","ident":"$csym","row":38,"col":3},"24":{"ann":"{VV : a | VV == l}","ident":"l","row":38,"col":24},"9":{"ann":"a","ident":"r","row":38,"col":9}},"102":{"1":{"ann":"forall a b .\nx1:a -> x2:(a -> b) -> {VV : b | VV == dollar x1 x2\n                                 && VV == x2 x1}","ident":"PEqProperties.dollar","row":102,"col":1},"16":{"ann":"{VV : a | VV == x}","ident":"x","row":102,"col":16},"8":{"ann":"a","ident":"x","row":102,"col":8},"10":{"ann":"a -> b","ident":"f","row":102,"col":10}},"24":{"10":{"ann":"forall a .\n(PropositionalEquality.AEq<[]> a) =>\n(PEqProperties.Reflexivity a)","ident":"PEqProperties.$fReflexivitya","row":24,"col":10}},"42":{"73":{"ann":"a -> b","ident":"l","row":42,"col":73},"37":{"ann":"{v : (PropositionalEquality.EqT a) | lqdc##$select v == pf\n                                     && lqdc##$select v == r\n                                     && lqdc##$select v == l}","ident":"lq_anf$##7205759403792810165","row":42,"col":37},"78":{"ann":"{VV : a | VV == dollar a r\n          && VV == r a}","ident":"lq_anf$##7205759403792810168","row":42,"col":78},"43":{"ann":"a -> b","ident":"l","row":42,"col":43},"36":{"ann":"(PropositionalEquality.EqT a)","ident":"lq_anf$##7205759403792810169","row":42,"col":36},"50":{"ann":"x1:(a -> b) -> {VV : b | VV == dollar a x1\n                         && VV == x1 a}","ident":"lq_anf$##7205759403792810164","row":42,"col":50},"88":{"ann":"a -> b","ident":"r","row":42,"col":88},"86":{"ann":"{VV : a | VV == a}","ident":"a","row":42,"col":86},"71":{"ann":"{VV : a | VV == a}","ident":"a","row":42,"col":71},"45":{"ann":"a -> b","ident":"r","row":42,"col":45},"58":{"ann":"{VV : a | VV == a}","ident":"a","row":42,"col":58},"63":{"ann":"{VV : a | VV == dollar a l\n          && VV == l a}","ident":"lq_anf$##7205759403792810166","row":42,"col":63},"47":{"ann":"{v : (PropositionalEquality.EqT a -> b) | v == pf}","ident":"pf","row":42,"col":47}},"54":{"10":{"ann":"forall a b .\n(PEqProperties.Transitivity<[]> a) =>\n(PEqProperties.Transitivity b -> a)","ident":"PEqProperties.$fTransitivity->","row":54,"col":10}},"98":{"1":{"ann":"forall a b c .\nx1:(a -> b -> c) -> x4:b -> x5:a -> {VV : c | VV == flip x1 x4 x5\n                                              && VV == x1 x5 x4}","ident":"PEqProperties.flip","row":98,"col":1},"18":{"ann":"{VV : a | VV == a}","ident":"a","row":98,"col":18},"16":{"ann":"{VV : a | VV == b}","ident":"b","row":98,"col":16},"8":{"ann":"a","ident":"a","row":98,"col":8},"6":{"ann":"a -> b -> c","ident":"f","row":98,"col":6},"10":{"ann":"a","ident":"b","row":98,"col":10}}},"sptypes":[{"start":{"line":1,"column":1},"ann":"GHC.Types.Module","ident":"PEqProperties.$trModule","stop":{"line":1,"column":1}},{"start":{"line":15,"column":1},"ann":"{VV : a | VV == y}","ident":"y","stop":{"line":15,"column":13}},{"start":{"line":15,"column":3},"ann":"forall a . a -> a -> a","ident":"PEqProperties.=~=","stop":{"line":15,"column":6}},{"start":{"line":15,"column":7},"ann":"a","ident":"y","stop":{"line":15,"column":8}},{"start":{"line":24,"column":10},"ann":"forall a .\n(PropositionalEquality.AEq<[]> a) =>\n(PEqProperties.Reflexivity a)","ident":"PEqProperties.$fReflexivitya","stop":{"line":24,"column":32}},{"start":{"line":25,"column":3},"ann":"forall a .\n(PropositionalEquality.AEq<[]> a) =>\na -> (PropositionalEquality.EqT a)","ident":"$crefl","stop":{"line":25,"column":7}},{"start":{"line":25,"column":8},"ann":"a","ident":"a","stop":{"line":25,"column":9}},{"start":{"line":25,"column":18},"ann":"{VV : a | VV == a}","ident":"a","stop":{"line":25,"column":19}},{"start":{"line":25,"column":20},"ann":"{VV : a | VV == a}","ident":"a","stop":{"line":25,"column":21}},{"start":{"line":25,"column":22},"ann":"{v : () | bbEq a a\n          && v == reflP a}","ident":"lq_anf$##7205759403792810110","stop":{"line":25,"column":31}},{"start":{"line":25,"column":29},"ann":"{VV : a | VV == a}","ident":"a","stop":{"line":25,"column":30}},{"start":{"line":27,"column":10},"ann":"forall a b .\n(PEqProperties.Reflexivity<[]> a) =>\n(PEqProperties.Reflexivity b -> a)","ident":"PEqProperties.$fReflexivity->","stop":{"line":27,"column":47}},{"start":{"line":28,"column":3},"ann":"forall a b .\n(PEqProperties.Reflexivity<[]> a) =>\n(b -> a) -> (PropositionalEquality.EqT b -> a)","ident":"$crefl","stop":{"line":28,"column":7}},{"start":{"line":28,"column":8},"ann":"a -> b","ident":"f","stop":{"line":28,"column":9}},{"start":{"line":28,"column":18},"ann":"a -> b","ident":"f","stop":{"line":28,"column":19}},{"start":{"line":28,"column":20},"ann":"a -> b","ident":"f","stop":{"line":28,"column":21}},{"start":{"line":28,"column":22},"ann":"{v : (PEqProperties.Reflexivity a) | v == $dReflexivity_a1QX}","ident":"$dReflexivity_a1QX","stop":{"line":28,"column":40}},{"start":{"line":28,"column":24},"ann":"a","ident":"a","stop":{"line":28,"column":25}},{"start":{"line":28,"column":34},"ann":"{VV : a | VV == f a}","ident":"lq_anf$##7205759403792810112","stop":{"line":28,"column":39}},{"start":{"line":28,"column":37},"ann":"{VV : a | VV == a}","ident":"a","stop":{"line":28,"column":38}},{"start":{"line":37,"column":10},"ann":"forall a .\n(PEqProperties.SMTEq<[]> a) =>\n(PEqProperties.Symmetry a)","ident":"PEqProperties.$fSymmetrya","stop":{"line":37,"column":31}},{"start":{"line":38,"column":3},"ann":"forall a .\n(PEqProperties.SMTEq<[]> a) =>\na -> a -> (PropositionalEquality.EqT a) -> (PropositionalEquality.EqT a)","ident":"$csym","stop":{"line":38,"column":6}},{"start":{"line":38,"column":7},"ann":"a","ident":"l","stop":{"line":38,"column":8}},{"start":{"line":38,"column":9},"ann":"a","ident":"r","stop":{"line":38,"column":10}},{"start":{"line":38,"column":11},"ann":"(PropositionalEquality.EqT a)","ident":"pf","stop":{"line":38,"column":13}},{"start":{"line":38,"column":22},"ann":"{VV : a | VV == r}","ident":"r","stop":{"line":38,"column":23}},{"start":{"line":38,"column":24},"ann":"{VV : a | VV == l}","ident":"l","stop":{"line":38,"column":25}},{"start":{"line":38,"column":26},"ann":"{v : () | l == r}","ident":"lq_anf$##7205759403792810117","stop":{"line":38,"column":58}},{"start":{"line":38,"column":33},"ann":"{VV : a | VV == l}","ident":"l","stop":{"line":38,"column":34}},{"start":{"line":38,"column":35},"ann":"{VV : a | VV == r}","ident":"r","stop":{"line":38,"column":36}},{"start":{"line":38,"column":37},"ann":"(PropositionalEquality.EqT a)","ident":"lq_anf$##7205759403792810116","stop":{"line":38,"column":57}},{"start":{"line":38,"column":38},"ann":"{v : (PropositionalEquality.EqT a) | v == pf}","ident":"pf","stop":{"line":38,"column":40}},{"start":{"line":38,"column":49},"ann":"{v : () | bbEq r r\n          && v == reflP r}","ident":"lq_anf$##7205759403792810115","stop":{"line":38,"column":56}},{"start":{"line":38,"column":55},"ann":"{VV : a | VV == r}","ident":"r","stop":{"line":38,"column":56}},{"start":{"line":40,"column":10},"ann":"forall a b .\n(PEqProperties.Symmetry<[]> a) =>\n(PEqProperties.Symmetry b -> a)","ident":"PEqProperties.$fSymmetry->","stop":{"line":40,"column":43}},{"start":{"line":41,"column":3},"ann":"forall a b .\n(PEqProperties.Symmetry<[]> a) =>\nl:(b -> a) -> r:(b -> a) -> (PropositionalEquality.EqT (b -> a)) -> (PropositionalEquality.EqT b -> a)","ident":"$csym","stop":{"line":41,"column":6}},{"start":{"line":41,"column":7},"ann":"a -> b","ident":"l","stop":{"line":41,"column":8}},{"start":{"line":41,"column":9},"ann":"a -> b","ident":"r","stop":{"line":41,"column":10}},{"start":{"line":41,"column":11},"ann":"(PropositionalEquality.EqT a -> b)","ident":"pf","stop":{"line":41,"column":13}},{"start":{"line":41,"column":16},"ann":"x1:(x2:a -> {v : (PropositionalEquality.EqT b) | eqT (r x2) (l x2)}) -> {v : (PropositionalEquality.EqT a -> b) | lqdc##$select v == x1\n                                                                                                                  && lqdc##$select v == l\n                                                                                                                  && lqdc##$select v == r\n                                                                                                                  && eqT r l\n                                                                                                                  && v == $WEqFun r l x1}","ident":"lq_anf$##7205759403792810161","stop":{"line":41,"column":25}},{"start":{"line":41,"column":22},"ann":"a -> b","ident":"r","stop":{"line":41,"column":23}},{"start":{"line":41,"column":24},"ann":"a -> b","ident":"l","stop":{"line":41,"column":25}},{"start":{"line":41,"column":29},"ann":"a","ident":"a","stop":{"line":41,"column":30}},{"start":{"line":41,"column":38},"ann":"{VV : a | VV == l a}","ident":"lq_anf$##7205759403792810162","stop":{"line":41,"column":43}},{"start":{"line":41,"column":41},"ann":"{VV : a | VV == a}","ident":"a","stop":{"line":41,"column":42}},{"start":{"line":41,"column":44},"ann":"{VV : a | VV == r a}","ident":"lq_anf$##7205759403792810163","stop":{"line":41,"column":49}},{"start":{"line":41,"column":47},"ann":"{VV : a | VV == a}","ident":"a","stop":{"line":41,"column":48}},{"start":{"line":42,"column":36},"ann":"(PropositionalEquality.EqT a)","ident":"lq_anf$##7205759403792810169","stop":{"line":42,"column":91}},{"start":{"line":42,"column":37},"ann":"{v : (PropositionalEquality.EqT a) | lqdc##$select v == pf\n                                     && lqdc##$select v == r\n                                     && lqdc##$select v == l}","ident":"lq_anf$##7205759403792810165","stop":{"line":42,"column":60}},{"start":{"line":42,"column":43},"ann":"a -> b","ident":"l","stop":{"line":42,"column":44}},{"start":{"line":42,"column":45},"ann":"a -> b","ident":"r","stop":{"line":42,"column":46}},{"start":{"line":42,"column":47},"ann":"{v : (PropositionalEquality.EqT a -> b) | v == pf}","ident":"pf","stop":{"line":42,"column":49}},{"start":{"line":42,"column":50},"ann":"x1:(a -> b) -> {VV : b | VV == dollar a x1\n                         && VV == x1 a}","ident":"lq_anf$##7205759403792810164","stop":{"line":42,"column":60}},{"start":{"line":42,"column":58},"ann":"{VV : a | VV == a}","ident":"a","stop":{"line":42,"column":59}},{"start":{"line":42,"column":63},"ann":"{VV : a | VV == dollar a l\n          && VV == l a}","ident":"lq_anf$##7205759403792810166","stop":{"line":42,"column":75}},{"start":{"line":42,"column":71},"ann":"{VV : a | VV == a}","ident":"a","stop":{"line":42,"column":72}},{"start":{"line":42,"column":73},"ann":"a -> b","ident":"l","stop":{"line":42,"column":74}},{"start":{"line":42,"column":78},"ann":"{VV : a | VV == dollar a r\n          && VV == r a}","ident":"lq_anf$##7205759403792810168","stop":{"line":42,"column":90}},{"start":{"line":42,"column":86},"ann":"{VV : a | VV == a}","ident":"a","stop":{"line":42,"column":87}},{"start":{"line":42,"column":88},"ann":"a -> b","ident":"r","stop":{"line":42,"column":89}},{"start":{"line":51,"column":10},"ann":"forall a .\n(PEqProperties.SMTEq<[]> a) =>\n(PEqProperties.Transitivity a)","ident":"PEqProperties.$fTransitivitya","stop":{"line":51,"column":35}},{"start":{"line":52,"column":3},"ann":"forall a .\n(PEqProperties.SMTEq<[]> a) =>\na -> a -> a -> (PropositionalEquality.EqT a) -> (PropositionalEquality.EqT a) -> (PropositionalEquality.EqT a)","ident":"$ctrans","stop":{"line":52,"column":8}},{"start":{"line":52,"column":9},"ann":"a","ident":"x","stop":{"line":52,"column":10}},{"start":{"line":52,"column":11},"ann":"a","ident":"y","stop":{"line":52,"column":12}},{"start":{"line":52,"column":13},"ann":"a","ident":"z","stop":{"line":52,"column":14}},{"start":{"line":52,"column":15},"ann":"(PropositionalEquality.EqT a)","ident":"pfXY","stop":{"line":52,"column":19}},{"start":{"line":52,"column":20},"ann":"(PropositionalEquality.EqT a)","ident":"pfYZ","stop":{"line":52,"column":24}},{"start":{"line":52,"column":27},"ann":"{v : () | bbEq x z} -> {v : (PropositionalEquality.EqT a) | eqT x z}","ident":"lq_anf$##7205759403792810119","stop":{"line":52,"column":36}},{"start":{"line":52,"column":33},"ann":"{VV : a | VV == x}","ident":"x","stop":{"line":52,"column":34}},{"start":{"line":52,"column":35},"ann":"{VV : a | VV == z}","ident":"z","stop":{"line":52,"column":36}},{"start":{"line":52,"column":39},"ann":"{v : () | x == y\n          && v == toSMT x y pfXY}","ident":"lq_anf$##7205759403792810120","stop":{"line":52,"column":53}},{"start":{"line":52,"column":45},"ann":"{VV : a | VV == x}","ident":"x","stop":{"line":52,"column":46}},{"start":{"line":52,"column":47},"ann":"{VV : a | VV == y}","ident":"y","stop":{"line":52,"column":48}},{"start":{"line":52,"column":49},"ann":"{v : (PropositionalEquality.EqT a) | v == pfXY}","ident":"pfXY","stop":{"line":52,"column":53}},{"start":{"line":52,"column":56},"ann":"{v : () | y == z}","ident":"lq_anf$##7205759403792810123","stop":{"line":52,"column":88}},{"start":{"line":52,"column":62},"ann":"{VV : a | VV == y}","ident":"y","stop":{"line":52,"column":63}},{"start":{"line":52,"column":64},"ann":"{VV : a | VV == z}","ident":"z","stop":{"line":52,"column":65}},{"start":{"line":52,"column":66},"ann":"(PropositionalEquality.EqT a)","ident":"lq_anf$##7205759403792810122","stop":{"line":52,"column":88}},{"start":{"line":52,"column":67},"ann":"{v : (PropositionalEquality.EqT a) | v == pfYZ}","ident":"pfYZ","stop":{"line":52,"column":71}},{"start":{"line":52,"column":80},"ann":"{v : () | bbEq y y\n          && v == reflP y}","ident":"lq_anf$##7205759403792810121","stop":{"line":52,"column":87}},{"start":{"line":52,"column":86},"ann":"{VV : a | VV == y}","ident":"y","stop":{"line":52,"column":87}},{"start":{"line":54,"column":10},"ann":"forall a b .\n(PEqProperties.Transitivity<[]> a) =>\n(PEqProperties.Transitivity b -> a)","ident":"PEqProperties.$fTransitivity->","stop":{"line":54,"column":49}},{"start":{"line":55,"column":3},"ann":"forall a b .\n(PEqProperties.Transitivity<[]> a) =>\nx:(b -> a) -> y:(b -> a) -> z:(b -> a) -> pfXY:(PropositionalEquality.EqT (b -> a)) -> (PropositionalEquality.EqT (b -> a)) -> (PropositionalEquality.EqT b -> a)","ident":"$ctrans","stop":{"line":55,"column":8}},{"start":{"line":55,"column":9},"ann":"a -> b","ident":"x","stop":{"line":55,"column":10}},{"start":{"line":55,"column":11},"ann":"a -> b","ident":"y","stop":{"line":55,"column":12}},{"start":{"line":55,"column":13},"ann":"a -> b","ident":"z","stop":{"line":55,"column":14}},{"start":{"line":55,"column":15},"ann":"(PropositionalEquality.EqT a -> b)","ident":"pfXY","stop":{"line":55,"column":19}},{"start":{"line":55,"column":20},"ann":"(PropositionalEquality.EqT a -> b)","ident":"pfYZ","stop":{"line":55,"column":24}},{"start":{"line":56,"column":11},"ann":"a -> b","ident":"x","stop":{"line":56,"column":12}},{"start":{"line":56,"column":13},"ann":"a -> b","ident":"z","stop":{"line":56,"column":14}},{"start":{"line":56,"column":17},"ann":"a","ident":"a","stop":{"line":56,"column":18}},{"start":{"line":56,"column":28},"ann":"{VV : a | VV == x a}","ident":"lq_anf$##7205759403792810144","stop":{"line":56,"column":33}},{"start":{"line":56,"column":31},"ann":"{VV : a | VV == a}","ident":"a","stop":{"line":56,"column":32}},{"start":{"line":56,"column":34},"ann":"{VV : a | VV == y a}","ident":"lq_anf$##7205759403792810145","stop":{"line":56,"column":39}},{"start":{"line":56,"column":37},"ann":"{VV : a | VV == a}","ident":"a","stop":{"line":56,"column":38}},{"start":{"line":56,"column":40},"ann":"{VV : a | VV == z a}","ident":"lq_anf$##7205759403792810146","stop":{"line":56,"column":45}},{"start":{"line":56,"column":43},"ann":"{VV : a | VV == a}","ident":"a","stop":{"line":56,"column":44}},{"start":{"line":57,"column":24},"ann":"(PropositionalEquality.EqT a)","ident":"lq_anf$##7205759403792810152","stop":{"line":57,"column":77}},{"start":{"line":57,"column":25},"ann":"{v : (PropositionalEquality.EqT a) | lqdc##$select v == pfXY\n                                     && lqdc##$select v == y\n                                     && lqdc##$select v == x}","ident":"lq_anf$##7205759403792810148","stop":{"line":57,"column":50}},{"start":{"line":57,"column":31},"ann":"a -> b","ident":"x","stop":{"line":57,"column":32}},{"start":{"line":57,"column":33},"ann":"a -> b","ident":"y","stop":{"line":57,"column":34}},{"start":{"line":57,"column":35},"ann":"{v : (PropositionalEquality.EqT a -> b) | v == pfXY}","ident":"pfXY","stop":{"line":57,"column":39}},{"start":{"line":57,"column":40},"ann":"x1:(a -> b) -> {VV : b | VV == dollar a x1\n                         && VV == x1 a}","ident":"lq_anf$##7205759403792810147","stop":{"line":57,"column":50}},{"start":{"line":57,"column":48},"ann":"{VV : a | VV == a}","ident":"a","stop":{"line":57,"column":49}},{"start":{"line":57,"column":53},"ann":"{VV : a | VV == dollar a x\n          && VV == x a}","ident":"lq_anf$##7205759403792810149","stop":{"line":57,"column":63}},{"start":{"line":57,"column":60},"ann":"{VV : a | VV == a}","ident":"a","stop":{"line":57,"column":61}},{"start":{"line":57,"column":62},"ann":"a -> b","ident":"x","stop":{"line":57,"column":63}},{"start":{"line":57,"column":66},"ann":"{VV : a | VV == dollar a y\n          && VV == y a}","ident":"lq_anf$##7205759403792810151","stop":{"line":57,"column":76}},{"start":{"line":57,"column":73},"ann":"{VV : a | VV == a}","ident":"a","stop":{"line":57,"column":74}},{"start":{"line":57,"column":75},"ann":"a -> b","ident":"y","stop":{"line":57,"column":76}},{"start":{"line":58,"column":24},"ann":"(PropositionalEquality.EqT a)","ident":"lq_anf$##7205759403792810158","stop":{"line":58,"column":77}},{"start":{"line":58,"column":25},"ann":"{v : (PropositionalEquality.EqT a) | lqdc##$select v == pfYZ\n                                     && lqdc##$select v == z\n                                     && lqdc##$select v == y}","ident":"lq_anf$##7205759403792810154","stop":{"line":58,"column":50}},{"start":{"line":58,"column":31},"ann":"a -> b","ident":"y","stop":{"line":58,"column":32}},{"start":{"line":58,"column":33},"ann":"a -> b","ident":"z","stop":{"line":58,"column":34}},{"start":{"line":58,"column":35},"ann":"{v : (PropositionalEquality.EqT a -> b) | v == pfYZ}","ident":"pfYZ","stop":{"line":58,"column":39}},{"start":{"line":58,"column":40},"ann":"x1:(a -> b) -> {VV : b | VV == dollar a x1\n                         && VV == x1 a}","ident":"lq_anf$##7205759403792810153","stop":{"line":58,"column":50}},{"start":{"line":58,"column":48},"ann":"{VV : a | VV == a}","ident":"a","stop":{"line":58,"column":49}},{"start":{"line":58,"column":53},"ann":"{VV : a | VV == dollar a y\n          && VV == y a}","ident":"lq_anf$##7205759403792810155","stop":{"line":58,"column":63}},{"start":{"line":58,"column":60},"ann":"{VV : a | VV == a}","ident":"a","stop":{"line":58,"column":61}},{"start":{"line":58,"column":62},"ann":"a -> b","ident":"y","stop":{"line":58,"column":63}},{"start":{"line":58,"column":66},"ann":"{VV : a | VV == dollar a z\n          && VV == z a}","ident":"lq_anf$##7205759403792810157","stop":{"line":58,"column":76}},{"start":{"line":58,"column":73},"ann":"{VV : a | VV == a}","ident":"a","stop":{"line":58,"column":74}},{"start":{"line":58,"column":75},"ann":"a -> b","ident":"z","stop":{"line":58,"column":76}},{"start":{"line":67,"column":10},"ann":"forall a b .\n(PEqProperties.SMTEq<[]> a, PropositionalEquality.AEq<[]> b) =>\n(PEqProperties.Congruence a b)","ident":"PEqProperties.$fCongruenceab","stop":{"line":67,"column":44}},{"start":{"line":68,"column":3},"ann":"forall a b .\n(PEqProperties.SMTEq<[]> a, PropositionalEquality.AEq<[]> b) =>\nx:a -> y:a -> pf:(PropositionalEquality.EqT a) -> (a -> b) -> (PropositionalEquality.EqT b)","ident":"$ccong","stop":{"line":68,"column":7}},{"start":{"line":68,"column":8},"ann":"a","ident":"x","stop":{"line":68,"column":9}},{"start":{"line":68,"column":10},"ann":"a","ident":"y","stop":{"line":68,"column":11}},{"start":{"line":68,"column":12},"ann":"(PropositionalEquality.EqT a)","ident":"pf","stop":{"line":68,"column":14}},{"start":{"line":68,"column":15},"ann":"a -> b","ident":"ctx","stop":{"line":68,"column":18}},{"start":{"line":68,"column":27},"ann":"{VV : a | VV == ctx x}","ident":"lq_anf$##7205759403792810126","stop":{"line":68,"column":34}},{"start":{"line":68,"column":32},"ann":"{VV : a | VV == x}","ident":"x","stop":{"line":68,"column":33}},{"start":{"line":68,"column":35},"ann":"{VV : a | VV == ctx y}","ident":"lq_anf$##7205759403792810127","stop":{"line":68,"column":42}},{"start":{"line":68,"column":40},"ann":"{VV : a | VV == y}","ident":"y","stop":{"line":68,"column":41}},{"start":{"line":68,"column":43},"ann":"{v : () | x == y}","ident":"lq_anf$##7205759403792810131","stop":{"line":68,"column":81}},{"start":{"line":68,"column":50},"ann":"{VV : a | VV == x}","ident":"x","stop":{"line":68,"column":51}},{"start":{"line":68,"column":52},"ann":"{VV : a | VV == y}","ident":"y","stop":{"line":68,"column":53}},{"start":{"line":68,"column":54},"ann":"(PropositionalEquality.EqT a)","ident":"lq_anf$##7205759403792810130","stop":{"line":68,"column":80}},{"start":{"line":68,"column":55},"ann":"{v : (PropositionalEquality.EqT a) | v == pf}","ident":"pf","stop":{"line":68,"column":57}},{"start":{"line":68,"column":66},"ann":"()","ident":"lq_anf$##7205759403792810129","stop":{"line":68,"column":79}},{"start":{"line":68,"column":72},"ann":"{VV : a | VV == ctx x}","ident":"lq_anf$##7205759403792810128","stop":{"line":68,"column":79}},{"start":{"line":68,"column":77},"ann":"{VV : a | VV == x}","ident":"x","stop":{"line":68,"column":78}},{"start":{"line":70,"column":10},"ann":"forall a b c .\n(PEqProperties.Congruence<[]> a b) =>\n(PEqProperties.Congruence a c -> b)","ident":"PEqProperties.$fCongruencea->","stop":{"line":70,"column":51}},{"start":{"line":71,"column":3},"ann":"forall a b c .\n(PEqProperties.Congruence<[]> a b) =>\nx:a -> y:a -> pf:(PropositionalEquality.EqT a) -> (a -> c -> b) -> (PropositionalEquality.EqT c -> b)","ident":"$ccong","stop":{"line":71,"column":7}},{"start":{"line":71,"column":8},"ann":"a","ident":"x","stop":{"line":71,"column":9}},{"start":{"line":71,"column":10},"ann":"a","ident":"y","stop":{"line":71,"column":11}},{"start":{"line":71,"column":12},"ann":"(PropositionalEquality.EqT a)","ident":"pf","stop":{"line":71,"column":14}},{"start":{"line":71,"column":15},"ann":"a -> b -> c","ident":"ctx","stop":{"line":71,"column":18}},{"start":{"line":72,"column":11},"ann":"a -> b","ident":"lq_anf$##7205759403792810135","stop":{"line":72,"column":18}},{"start":{"line":72,"column":16},"ann":"{VV : a | VV == x}","ident":"x","stop":{"line":72,"column":17}},{"start":{"line":72,"column":19},"ann":"a -> b","ident":"lq_anf$##7205759403792810136","stop":{"line":72,"column":26}},{"start":{"line":72,"column":24},"ann":"{VV : a | VV == y}","ident":"y","stop":{"line":72,"column":25}},{"start":{"line":72,"column":27},"ann":"{VV : forall a b <pb :: b -> Bool, pa :: a -> Bool>.\n      {VV : a<pa> | true} -> {VV : b<pb> | true} -> {VV : a<pa> | true} | VV == ?}","ident":"Language.Haskell.Liquid.ProofCombinators.?","stop":{"line":72,"column":89}},{"start":{"line":72,"column":29},"ann":"a","ident":"b","stop":{"line":72,"column":30}},{"start":{"line":72,"column":34},"ann":"(PropositionalEquality.EqT a)","ident":"lq_anf$##7205759403792810138","stop":{"line":72,"column":58}},{"start":{"line":72,"column":39},"ann":"{VV : a | VV == x}","ident":"x","stop":{"line":72,"column":40}},{"start":{"line":72,"column":41},"ann":"{VV : a | VV == y}","ident":"y","stop":{"line":72,"column":42}},{"start":{"line":72,"column":43},"ann":"{v : (PropositionalEquality.EqT a) | v == pf}","ident":"pf","stop":{"line":72,"column":45}},{"start":{"line":72,"column":46},"ann":"x1:a -> {VV : b | VV == flip ctx b x1\n                  && VV == ctx x1 b}","ident":"lq_anf$##7205759403792810137","stop":{"line":72,"column":58}},{"start":{"line":72,"column":52},"ann":"a -> b -> c","ident":"ctx","stop":{"line":72,"column":55}},{"start":{"line":72,"column":56},"ann":"{VV : a | VV == b}","ident":"b","stop":{"line":72,"column":57}},{"start":{"line":72,"column":61},"ann":"{VV : a | VV == flip ctx b x\n          && VV == ctx x b}","ident":"lq_anf$##7205759403792810139","stop":{"line":72,"column":73}},{"start":{"line":72,"column":66},"ann":"a -> b -> c","ident":"ctx","stop":{"line":72,"column":69}},{"start":{"line":72,"column":70},"ann":"{VV : a | VV == b}","ident":"b","stop":{"line":72,"column":71}},{"start":{"line":72,"column":72},"ann":"{VV : a | VV == x}","ident":"x","stop":{"line":72,"column":73}},{"start":{"line":72,"column":76},"ann":"{VV : a | VV == flip ctx b y\n          && VV == ctx y b}","ident":"lq_anf$##7205759403792810141","stop":{"line":72,"column":88}},{"start":{"line":72,"column":81},"ann":"a -> b -> c","ident":"ctx","stop":{"line":72,"column":84}},{"start":{"line":72,"column":85},"ann":"{VV : a | VV == b}","ident":"b","stop":{"line":72,"column":86}},{"start":{"line":72,"column":87},"ann":"{VV : a | VV == y}","ident":"y","stop":{"line":72,"column":88}},{"start":{"line":85,"column":10},"ann":"forall a .\n(PropositionalEquality.AEq<[]> a) =>\n(PEqProperties.SMTEq a)","ident":"PEqProperties.$fSMTEqa","stop":{"line":85,"column":26}},{"start":{"line":86,"column":3},"ann":"forall a .\n(PropositionalEquality.AEq<[]> a) =>\nx:a -> y:a -> (PropositionalEquality.EqT a) -> {v : () | x == y\n                                                         && v == aEqToSMT x y}","ident":"$ctoSMT","stop":{"line":86,"column":8}},{"start":{"line":86,"column":9},"ann":"a","ident":"x","stop":{"line":86,"column":10}},{"start":{"line":86,"column":11},"ann":"a","ident":"y","stop":{"line":86,"column":12}},{"start":{"line":86,"column":27},"ann":"{VV : a | VV == x}","ident":"x","stop":{"line":86,"column":28}},{"start":{"line":86,"column":29},"ann":"{VV : a | VV == y}","ident":"y","stop":{"line":86,"column":30}},{"start":{"line":91,"column":1},"ann":"forall a .\n(PropositionalEquality.AEq<[]> a) =>\nx2:a -> x3:a -> {VV : () | x2 == x3}","ident":"PEqProperties.aEqToSMT","stop":{"line":91,"column":9}},{"start":{"line":98,"column":1},"ann":"forall a b c .\nx1:(a -> b -> c) -> x4:b -> x5:a -> {VV : c | VV == flip x1 x4 x5\n                                              && VV == x1 x5 x4}","ident":"PEqProperties.flip","stop":{"line":98,"column":5}},{"start":{"line":98,"column":6},"ann":"a -> b -> c","ident":"f","stop":{"line":98,"column":7}},{"start":{"line":98,"column":8},"ann":"a","ident":"a","stop":{"line":98,"column":9}},{"start":{"line":98,"column":10},"ann":"a","ident":"b","stop":{"line":98,"column":11}},{"start":{"line":98,"column":16},"ann":"{VV : a | VV == b}","ident":"b","stop":{"line":98,"column":17}},{"start":{"line":98,"column":18},"ann":"{VV : a | VV == a}","ident":"a","stop":{"line":98,"column":19}},{"start":{"line":102,"column":1},"ann":"forall a b .\nx1:a -> x2:(a -> b) -> {VV : b | VV == dollar x1 x2\n                                 && VV == x2 x1}","ident":"PEqProperties.dollar","stop":{"line":102,"column":7}},{"start":{"line":102,"column":8},"ann":"a","ident":"x","stop":{"line":102,"column":9}},{"start":{"line":102,"column":10},"ann":"a -> b","ident":"f","stop":{"line":102,"column":11}},{"start":{"line":102,"column":16},"ann":"{VV : a | VV == x}","ident":"x","stop":{"line":102,"column":17}}],"errors":[]}