{"status":"safe","types":{"84":{"31":{"ann":"{v : GHC.Types.Bool | v == x}","ident":"x","row":84,"col":31},"22":{"ann":"{v : GHC.Types.Bool | (v <=> bbEq x x)\n                      && (v <=> x == x)\n                      && v == bEqBool x x}","ident":"lq_anf$##7205759403792819213","row":84,"col":22},"19":{"ann":"{v : () | v == ()}","ident":"GHC.Tuple.()","row":84,"col":19},"33":{"ann":"{v : GHC.Types.Bool | v == x}","ident":"x","row":84,"col":33},"3":{"ann":"x1:GHC.Types.Bool -> {VV : () | bbEq x1 x1}","ident":"$creflP","row":84,"col":3},"9":{"ann":"GHC.Types.Bool","ident":"x","row":84,"col":9}},"78":{"16":{"ann":"{v : () | v == ()}","ident":"GHC.Tuple.()","row":78,"col":16},"39":{"ann":"{v : GHC.Integer.Type.Integer | v == x}","ident":"x","row":78,"col":39},"27":{"ann":"{v : GHC.Types.Bool | (v <=> bbEq x y)\n                      && (v <=> x == y)\n                      && v == bEqInteger x y}","ident":"lq_anf$##7205759403792819211","row":78,"col":27},"41":{"ann":"{v : GHC.Integer.Type.Integer | v == y}","ident":"y","row":78,"col":41},"11":{"ann":"GHC.Integer.Type.Integer","ident":"y","row":78,"col":11},"3":{"ann":"x1:GHC.Integer.Type.Integer -> x2:GHC.Integer.Type.Integer -> {VV : () | bbEq x1 x2 => bbEq x2 x1}","ident":"$csymmP","row":78,"col":3},"9":{"ann":"GHC.Integer.Type.Integer","ident":"x","row":78,"col":9}},"82":{"10":{"ann":"{v : (PropositionalEquality.AEq GHC.Types.Bool) | v == C:AEq $cbEq $creflP $csymmP $ctransP}","ident":"PropositionalEquality.$fAEqBool","row":82,"col":10}},"75":{"10":{"ann":"{v : (PropositionalEquality.AEq GHC.Integer.Type.Integer) | v == C:AEq $cbEq $creflP $csymmP $ctransP}","ident":"PropositionalEquality.$fAEqInteger","row":75,"col":10}},"36":{"1":{"ann":"forall a b .\nx1:(a -> b) -> x3:(a -> b) -> (x6:a -> {VV : (PropositionalEquality.EqT b) | eqT (x1 x6) (x3 x6)}) -> {VV : (PropositionalEquality.EqT a -> b) | eqT x1 x3}","ident":"PropositionalEquality._eqFun","row":36,"col":1}},"85":{"36":{"ann":"{v : GHC.Types.Bool | v == x}","ident":"x","row":85,"col":36},"16":{"ann":"{v : () | v == ()}","ident":"GHC.Tuple.()","row":85,"col":16},"27":{"ann":"{v : GHC.Types.Bool | (v <=> bbEq x y)\n                      && (v <=> x == y)\n                      && v == bEqBool x y}","ident":"lq_anf$##7205759403792819214","row":85,"col":27},"11":{"ann":"GHC.Types.Bool","ident":"y","row":85,"col":11},"38":{"ann":"{v : GHC.Types.Bool | v == y}","ident":"y","row":85,"col":38},"3":{"ann":"x1:GHC.Types.Bool -> x2:GHC.Types.Bool -> {VV : () | bbEq x1 x2 => bbEq x2 x1}","ident":"$csymmP","row":85,"col":3},"9":{"ann":"GHC.Types.Bool","ident":"x","row":85,"col":9}},"91":{"14":{"ann":"GHC.Integer.Type.Integer","ident":"y","row":91,"col":14},"12":{"ann":"GHC.Integer.Type.Integer","ident":"x","row":91,"col":12},"1":{"ann":"x1:GHC.Integer.Type.Integer -> x2:GHC.Integer.Type.Integer -> {v : GHC.Types.Bool | (v <=> bbEq x1 x2)\n                                                                                    && (v <=> x1 == x2)}","ident":"PropositionalEquality.bEqInteger","row":91,"col":1},"23":{"ann":"{v : GHC.Integer.Type.Integer | v == y}","ident":"y","row":91,"col":23},"18":{"ann":"{v : GHC.Integer.Type.Integer | v == x}","ident":"x","row":91,"col":18}},"83":{"3":{"ann":"x1:GHC.Types.Bool -> x2:GHC.Types.Bool -> {v : GHC.Types.Bool | v <=> bbEq x1 x2}","ident":"$cbEq","row":83,"col":3}},"86":{"29":{"ann":"{v : GHC.Types.Bool | (v <=> bbEq x y)\n                      && (v <=> x == y)\n                      && v == bEqBool x y}","ident":"lq_anf$##7205759403792819215","row":86,"col":29},"12":{"ann":"GHC.Types.Bool","ident":"y","row":86,"col":12},"18":{"ann":"{v : () | v == ()}","ident":"GHC.Tuple.()","row":86,"col":18},"40":{"ann":"{v : GHC.Types.Bool | v == y}","ident":"y","row":86,"col":40},"38":{"ann":"{v : GHC.Types.Bool | v == x}","ident":"x","row":86,"col":38},"3":{"ann":"x1:GHC.Types.Bool -> x2:GHC.Types.Bool -> x3:GHC.Types.Bool -> {VV : () | bbEq x1 x2\n                                                                          && bbEq x2 x3 => bbEq x1 x3}","ident":"$ctransP","row":86,"col":3},"10":{"ann":"GHC.Types.Bool","ident":"x","row":86,"col":10}},"1":{"1":{"ann":"GHC.Types.Module","ident":"PropositionalEquality.$trModule","row":1,"col":1}},"95":{"15":{"ann":"{v : GHC.Types.Bool | v == x}","ident":"x","row":95,"col":15},"1":{"ann":"x1:GHC.Types.Bool -> x2:GHC.Types.Bool -> {v : GHC.Types.Bool | (v <=> bbEq x1 x2)\n                                                                && (v <=> x1 == x2)}","ident":"PropositionalEquality.bEqBool","row":95,"col":1},"20":{"ann":"{v : GHC.Types.Bool | v == y}","ident":"y","row":95,"col":20},"11":{"ann":"GHC.Types.Bool","ident":"y","row":95,"col":11},"9":{"ann":"GHC.Types.Bool","ident":"x","row":95,"col":9}},"77":{"36":{"ann":"{v : GHC.Integer.Type.Integer | v == x}","ident":"x","row":77,"col":36},"22":{"ann":"{v : GHC.Types.Bool | (v <=> bbEq x x)\n                      && (v <=> x == x)\n                      && v == bEqInteger x x}","ident":"lq_anf$##7205759403792819210","row":77,"col":22},"19":{"ann":"{v : () | v == ()}","ident":"GHC.Tuple.()","row":77,"col":19},"34":{"ann":"{v : GHC.Integer.Type.Integer | v == x}","ident":"x","row":77,"col":34},"3":{"ann":"x1:GHC.Integer.Type.Integer -> {VV : () | bbEq x1 x1}","ident":"$creflP","row":77,"col":3},"9":{"ann":"GHC.Integer.Type.Integer","ident":"x","row":77,"col":9}},"24":{"1":{"ann":"forall a b .\nx1:a -> x2:a -> {VV : (PropositionalEquality.EqT a) | eqT x1 x2} -> x4:(a -> b) -> {VV : (PropositionalEquality.EqT b) | eqT (x4 x1) (x4 x2)}","ident":"PropositionalEquality.eqRTCtx","row":24,"col":1}},"79":{"43":{"ann":"{v : GHC.Integer.Type.Integer | v == y}","ident":"y","row":79,"col":43},"29":{"ann":"{v : GHC.Types.Bool | (v <=> bbEq x y)\n                      && (v <=> x == y)\n                      && v == bEqInteger x y}","ident":"lq_anf$##7205759403792819212","row":79,"col":29},"12":{"ann":"GHC.Integer.Type.Integer","ident":"y","row":79,"col":12},"18":{"ann":"{v : () | v == ()}","ident":"GHC.Tuple.()","row":79,"col":18},"41":{"ann":"{v : GHC.Integer.Type.Integer | v == x}","ident":"x","row":79,"col":41},"3":{"ann":"x1:GHC.Integer.Type.Integer -> x2:GHC.Integer.Type.Integer -> x3:GHC.Integer.Type.Integer -> {VV : () | bbEq x1 x2\n                                                                                                        && bbEq x2 x3 => bbEq x1 x3}","ident":"$ctransP","row":79,"col":3},"10":{"ann":"GHC.Integer.Type.Integer","ident":"x","row":79,"col":10}},"76":{"3":{"ann":"x1:GHC.Integer.Type.Integer -> x2:GHC.Integer.Type.Integer -> {v : GHC.Types.Bool | v <=> bbEq x1 x2}","ident":"$cbEq","row":76,"col":3}}},"sptypes":[{"start":{"line":1,"column":1},"ann":"GHC.Types.Module","ident":"PropositionalEquality.$trModule","stop":{"line":1,"column":1}},{"start":{"line":24,"column":1},"ann":"forall a b .\nx1:a -> x2:a -> {VV : (PropositionalEquality.EqT a) | eqT x1 x2} -> x4:(a -> b) -> {VV : (PropositionalEquality.EqT b) | eqT (x4 x1) (x4 x2)}","ident":"PropositionalEquality.eqRTCtx","stop":{"line":24,"column":8}},{"start":{"line":36,"column":1},"ann":"forall a b .\nx1:(a -> b) -> x3:(a -> b) -> (x6:a -> {VV : (PropositionalEquality.EqT b) | eqT (x1 x6) (x3 x6)}) -> {VV : (PropositionalEquality.EqT a -> b) | eqT x1 x3}","ident":"PropositionalEquality._eqFun","stop":{"line":36,"column":7}},{"start":{"line":75,"column":10},"ann":"{v : (PropositionalEquality.AEq GHC.Integer.Type.Integer) | v == C:AEq $cbEq $creflP $csymmP $ctransP}","ident":"PropositionalEquality.$fAEqInteger","stop":{"line":75,"column":21}},{"start":{"line":76,"column":3},"ann":"x1:GHC.Integer.Type.Integer -> x2:GHC.Integer.Type.Integer -> {v : GHC.Types.Bool | v <=> bbEq x1 x2}","ident":"$cbEq","stop":{"line":76,"column":6}},{"start":{"line":77,"column":3},"ann":"x1:GHC.Integer.Type.Integer -> {VV : () | bbEq x1 x1}","ident":"$creflP","stop":{"line":77,"column":8}},{"start":{"line":77,"column":9},"ann":"GHC.Integer.Type.Integer","ident":"x","stop":{"line":77,"column":10}},{"start":{"line":77,"column":19},"ann":"{v : () | v == ()}","ident":"GHC.Tuple.()","stop":{"line":77,"column":21}},{"start":{"line":77,"column":22},"ann":"{v : GHC.Types.Bool | (v <=> bbEq x x)\n                      && (v <=> x == x)\n                      && v == bEqInteger x x}","ident":"lq_anf$##7205759403792819210","stop":{"line":77,"column":38}},{"start":{"line":77,"column":34},"ann":"{v : GHC.Integer.Type.Integer | v == x}","ident":"x","stop":{"line":77,"column":35}},{"start":{"line":77,"column":36},"ann":"{v : GHC.Integer.Type.Integer | v == x}","ident":"x","stop":{"line":77,"column":37}},{"start":{"line":78,"column":3},"ann":"x1:GHC.Integer.Type.Integer -> x2:GHC.Integer.Type.Integer -> {VV : () | bbEq x1 x2 => bbEq x2 x1}","ident":"$csymmP","stop":{"line":78,"column":8}},{"start":{"line":78,"column":9},"ann":"GHC.Integer.Type.Integer","ident":"x","stop":{"line":78,"column":10}},{"start":{"line":78,"column":11},"ann":"GHC.Integer.Type.Integer","ident":"y","stop":{"line":78,"column":12}},{"start":{"line":78,"column":16},"ann":"{v : () | v == ()}","ident":"GHC.Tuple.()","stop":{"line":78,"column":18}},{"start":{"line":78,"column":27},"ann":"{v : GHC.Types.Bool | (v <=> bbEq x y)\n                      && (v <=> x == y)\n                      && v == bEqInteger x y}","ident":"lq_anf$##7205759403792819211","stop":{"line":78,"column":43}},{"start":{"line":78,"column":39},"ann":"{v : GHC.Integer.Type.Integer | v == x}","ident":"x","stop":{"line":78,"column":40}},{"start":{"line":78,"column":41},"ann":"{v : GHC.Integer.Type.Integer | v == y}","ident":"y","stop":{"line":78,"column":42}},{"start":{"line":79,"column":3},"ann":"x1:GHC.Integer.Type.Integer -> x2:GHC.Integer.Type.Integer -> x3:GHC.Integer.Type.Integer -> {VV : () | bbEq x1 x2\n                                                                                                        && bbEq x2 x3 => bbEq x1 x3}","ident":"$ctransP","stop":{"line":79,"column":9}},{"start":{"line":79,"column":10},"ann":"GHC.Integer.Type.Integer","ident":"x","stop":{"line":79,"column":11}},{"start":{"line":79,"column":12},"ann":"GHC.Integer.Type.Integer","ident":"y","stop":{"line":79,"column":13}},{"start":{"line":79,"column":18},"ann":"{v : () | v == ()}","ident":"GHC.Tuple.()","stop":{"line":79,"column":20}},{"start":{"line":79,"column":29},"ann":"{v : GHC.Types.Bool | (v <=> bbEq x y)\n                      && (v <=> x == y)\n                      && v == bEqInteger x y}","ident":"lq_anf$##7205759403792819212","stop":{"line":79,"column":45}},{"start":{"line":79,"column":41},"ann":"{v : GHC.Integer.Type.Integer | v == x}","ident":"x","stop":{"line":79,"column":42}},{"start":{"line":79,"column":43},"ann":"{v : GHC.Integer.Type.Integer | v == y}","ident":"y","stop":{"line":79,"column":44}},{"start":{"line":82,"column":10},"ann":"{v : (PropositionalEquality.AEq GHC.Types.Bool) | v == C:AEq $cbEq $creflP $csymmP $ctransP}","ident":"PropositionalEquality.$fAEqBool","stop":{"line":82,"column":18}},{"start":{"line":83,"column":3},"ann":"x1:GHC.Types.Bool -> x2:GHC.Types.Bool -> {v : GHC.Types.Bool | v <=> bbEq x1 x2}","ident":"$cbEq","stop":{"line":83,"column":6}},{"start":{"line":84,"column":3},"ann":"x1:GHC.Types.Bool -> {VV : () | bbEq x1 x1}","ident":"$creflP","stop":{"line":84,"column":8}},{"start":{"line":84,"column":9},"ann":"GHC.Types.Bool","ident":"x","stop":{"line":84,"column":10}},{"start":{"line":84,"column":19},"ann":"{v : () | v == ()}","ident":"GHC.Tuple.()","stop":{"line":84,"column":21}},{"start":{"line":84,"column":22},"ann":"{v : GHC.Types.Bool | (v <=> bbEq x x)\n                      && (v <=> x == x)\n                      && v == bEqBool x x}","ident":"lq_anf$##7205759403792819213","stop":{"line":84,"column":35}},{"start":{"line":84,"column":31},"ann":"{v : GHC.Types.Bool | v == x}","ident":"x","stop":{"line":84,"column":32}},{"start":{"line":84,"column":33},"ann":"{v : GHC.Types.Bool | v == x}","ident":"x","stop":{"line":84,"column":34}},{"start":{"line":85,"column":3},"ann":"x1:GHC.Types.Bool -> x2:GHC.Types.Bool -> {VV : () | bbEq x1 x2 => bbEq x2 x1}","ident":"$csymmP","stop":{"line":85,"column":8}},{"start":{"line":85,"column":9},"ann":"GHC.Types.Bool","ident":"x","stop":{"line":85,"column":10}},{"start":{"line":85,"column":11},"ann":"GHC.Types.Bool","ident":"y","stop":{"line":85,"column":12}},{"start":{"line":85,"column":16},"ann":"{v : () | v == ()}","ident":"GHC.Tuple.()","stop":{"line":85,"column":18}},{"start":{"line":85,"column":27},"ann":"{v : GHC.Types.Bool | (v <=> bbEq x y)\n                      && (v <=> x == y)\n                      && v == bEqBool x y}","ident":"lq_anf$##7205759403792819214","stop":{"line":85,"column":40}},{"start":{"line":85,"column":36},"ann":"{v : GHC.Types.Bool | v == x}","ident":"x","stop":{"line":85,"column":37}},{"start":{"line":85,"column":38},"ann":"{v : GHC.Types.Bool | v == y}","ident":"y","stop":{"line":85,"column":39}},{"start":{"line":86,"column":3},"ann":"x1:GHC.Types.Bool -> x2:GHC.Types.Bool -> x3:GHC.Types.Bool -> {VV : () | bbEq x1 x2\n                                                                          && bbEq x2 x3 => bbEq x1 x3}","ident":"$ctransP","stop":{"line":86,"column":9}},{"start":{"line":86,"column":10},"ann":"GHC.Types.Bool","ident":"x","stop":{"line":86,"column":11}},{"start":{"line":86,"column":12},"ann":"GHC.Types.Bool","ident":"y","stop":{"line":86,"column":13}},{"start":{"line":86,"column":18},"ann":"{v : () | v == ()}","ident":"GHC.Tuple.()","stop":{"line":86,"column":20}},{"start":{"line":86,"column":29},"ann":"{v : GHC.Types.Bool | (v <=> bbEq x y)\n                      && (v <=> x == y)\n                      && v == bEqBool x y}","ident":"lq_anf$##7205759403792819215","stop":{"line":86,"column":42}},{"start":{"line":86,"column":38},"ann":"{v : GHC.Types.Bool | v == x}","ident":"x","stop":{"line":86,"column":39}},{"start":{"line":86,"column":40},"ann":"{v : GHC.Types.Bool | v == y}","ident":"y","stop":{"line":86,"column":41}},{"start":{"line":91,"column":1},"ann":"x1:GHC.Integer.Type.Integer -> x2:GHC.Integer.Type.Integer -> {v : GHC.Types.Bool | (v <=> bbEq x1 x2)\n                                                                                    && (v <=> x1 == x2)}","ident":"PropositionalEquality.bEqInteger","stop":{"line":91,"column":11}},{"start":{"line":91,"column":12},"ann":"GHC.Integer.Type.Integer","ident":"x","stop":{"line":91,"column":13}},{"start":{"line":91,"column":14},"ann":"GHC.Integer.Type.Integer","ident":"y","stop":{"line":91,"column":15}},{"start":{"line":91,"column":18},"ann":"{v : GHC.Integer.Type.Integer | v == x}","ident":"x","stop":{"line":91,"column":19}},{"start":{"line":91,"column":23},"ann":"{v : GHC.Integer.Type.Integer | v == y}","ident":"y","stop":{"line":91,"column":24}},{"start":{"line":95,"column":1},"ann":"x1:GHC.Types.Bool -> x2:GHC.Types.Bool -> {v : GHC.Types.Bool | (v <=> bbEq x1 x2)\n                                                                && (v <=> x1 == x2)}","ident":"PropositionalEquality.bEqBool","stop":{"line":95,"column":8}},{"start":{"line":95,"column":9},"ann":"GHC.Types.Bool","ident":"x","stop":{"line":95,"column":10}},{"start":{"line":95,"column":11},"ann":"GHC.Types.Bool","ident":"y","stop":{"line":95,"column":12}},{"start":{"line":95,"column":15},"ann":"{v : GHC.Types.Bool | v == x}","ident":"x","stop":{"line":95,"column":16}},{"start":{"line":95,"column":20},"ann":"{v : GHC.Types.Bool | v == y}","ident":"y","stop":{"line":95,"column":21}}],"errors":[]}