{"status":"safe","types":{"28":{"15":{"ann":"x1:GHC.Integer.Type.Integer -> {v : GHC.Integer.Type.Integer | v == add1Int x1\n                                                               && v == x1 + 1}","ident":"RefinedDomains.add1Int","row":28,"col":15},"31":{"ann":"x1:{v : GHC.Integer.Type.Integer | 0 <= v} -> {v : (PropositionalEquality.EqT {v : GHC.Integer.Type.Integer | v == x1 + 1}) | eqT (add1Int x1) (add1Nat x1)}","ident":"RefinedDomains.pf0''","row":28,"col":31},"1":{"ann":"{VV : (PropositionalEquality.EqT x:{v : GHC.Integer.Type.Integer | 0 <= v} -> {v : GHC.Integer.Type.Integer | v == x + 1}) | eqT add1Int add1Nat}","ident":"RefinedDomains.pf''","row":28,"col":1},"23":{"ann":"x1:GHC.Integer.Type.Integer -> {v : GHC.Integer.Type.Integer | v == add1Nat x1\n                                                               && v == (if x1 >= 0 then x1 + 1 else 0)}","ident":"RefinedDomains.add1Nat","row":28,"col":23}},"66":{"13":{"ann":"{v : GHC.Integer.Type.Integer | v == x}","ident":"x","row":66,"col":13},"17":{"ann":"{v : GHC.Integer.Type.Integer | v == 1}","ident":"lq_anf$##7205759403792855631","row":66,"col":17},"1":{"ann":"x1:GHC.Integer.Type.Integer -> {VV : GHC.Integer.Type.Integer | VV == add1Int x1\n                                                                && VV == x1 + 1}","ident":"RefinedDomains.add1Int","row":66,"col":1},"9":{"ann":"GHC.Integer.Type.Integer","ident":"x","row":66,"col":9}},"1":{"1":{"ann":"GHC.Types.Module","ident":"RefinedDomains.$trModule","row":1,"col":1}},"70":{"28":{"ann":"{v : GHC.Integer.Type.Integer | v == x}","ident":"x","row":70,"col":28},"1":{"ann":"x1:GHC.Integer.Type.Integer -> {VV : GHC.Integer.Type.Integer | VV == add1Nat x1\n                                                                && VV == (if x1 >= 0 then x1 + 1 else 0)}","ident":"RefinedDomains.add1Nat","row":70,"col":1},"16":{"ann":"{v : GHC.Integer.Type.Integer | v == x}","ident":"x","row":70,"col":16},"21":{"ann":"{v : GHC.Integer.Type.Integer | v == 0}","ident":"lq_anf$##7205759403792855632","row":70,"col":21},"9":{"ann":"GHC.Integer.Type.Integer","ident":"x","row":70,"col":9},"32":{"ann":"{v : GHC.Integer.Type.Integer | v == 1}","ident":"lq_anf$##7205759403792855635","row":70,"col":32}},"16":{"28":{"ann":"{v : (PropositionalEquality.AEq GHC.Integer.Type.Integer) | v == $fAEqInteger}","ident":"PropositionalEquality.$fAEqInteger","row":16,"col":28},"50":{"ann":"{v : GHC.Integer.Type.Integer | v == x}","ident":"x","row":16,"col":50},"72":{"ann":"{v : GHC.Integer.Type.Integer | v == add1Int x\n                                && v == x + 1}","ident":"lq_anf$##7205759403792855646","row":16,"col":72},"12":{"ann":"x1:GHC.Integer.Type.Integer -> {v : GHC.Integer.Type.Integer | v == add1Int x1\n                                                               && v == x1 + 1}","ident":"RefinedDomains.add1Int","row":16,"col":12},"30":{"ann":"GHC.Integer.Type.Integer","ident":"x","row":16,"col":30},"53":{"ann":"{v : GHC.Integer.Type.Integer | v == add1Nat x\n                                && v == (if x >= 0 then x + 1 else 0)}","ident":"lq_anf$##7205759403792855645","row":16,"col":53},"1":{"ann":"{VV : (PropositionalEquality.EqT x:{v : GHC.Integer.Type.Integer | 0 <= v} -> GHC.Integer.Type.Integer) | eqT add1Int add1Nat}","ident":"RefinedDomains.pf","row":16,"col":1},"62":{"ann":"{v : GHC.Integer.Type.Integer | v == x}","ident":"x","row":16,"col":62},"20":{"ann":"x1:GHC.Integer.Type.Integer -> {v : GHC.Integer.Type.Integer | v == add1Nat x1\n                                                               && v == (if x1 >= 0 then x1 + 1 else 0)}","ident":"RefinedDomains.add1Nat","row":16,"col":20},"41":{"ann":"{v : GHC.Integer.Type.Integer | v == add1Int x\n                                && v == x + 1}","ident":"lq_anf$##7205759403792855644","row":16,"col":41},"65":{"ann":"()","ident":"lq_anf$##7205759403792855647","row":16,"col":65},"81":{"ann":"{v : GHC.Integer.Type.Integer | v == x}","ident":"x","row":16,"col":81}},"20":{"13":{"ann":"x1:GHC.Integer.Type.Integer -> {v : GHC.Integer.Type.Integer | v == add1Int x1\n                                                               && v == x1 + 1}","ident":"RefinedDomains.add1Int","row":20,"col":13},"29":{"ann":"x1:{v : GHC.Integer.Type.Integer | 0 <= v} -> {v : (PropositionalEquality.EqT {v : GHC.Integer.Type.Integer | 0 <= v}) | eqT (add1Int x1) (add1Nat x1)}","ident":"RefinedDomains.pf0'","row":20,"col":29},"1":{"ann":"{VV : (PropositionalEquality.EqT x:{v : GHC.Integer.Type.Integer | 0 <= v} -> {v : GHC.Integer.Type.Integer | 0 <= v}) | eqT add1Int add1Nat}","ident":"RefinedDomains.pf'","row":20,"col":1},"21":{"ann":"x1:GHC.Integer.Type.Integer -> {v : GHC.Integer.Type.Integer | v == add1Nat x1\n                                                               && v == (if x1 >= 0 then x1 + 1 else 0)}","ident":"RefinedDomains.add1Nat","row":20,"col":21}},"24":{"48":{"ann":"{v : GHC.Integer.Type.Integer | v == add1Int x\n                                && v == x + 1}","ident":"lq_anf$##7205759403792855642","row":24,"col":48},"25":{"ann":"{v : GHC.Integer.Type.Integer | 0 <= v\n                                && v == x}","ident":"x","row":24,"col":25},"57":{"ann":"{v : GHC.Integer.Type.Integer | 0 <= v\n                                && v == x}","ident":"x","row":24,"col":57},"29":{"ann":"{v : GHC.Integer.Type.Integer | v == add1Nat x\n                                && v == (if x >= 0 then x + 1 else 0)}","ident":"lq_anf$##7205759403792855641","row":24,"col":29},"1":{"ann":"x1:{v : GHC.Integer.Type.Integer | 0 <= v} -> {VV : (PropositionalEquality.EqT {v : GHC.Integer.Type.Integer | 0 <= v}) | eqT (add1Int x1) (add1Nat x1)}","ident":"RefinedDomains.pf0'","row":24,"col":1},"16":{"ann":"{v : GHC.Integer.Type.Integer | v == add1Int x\n                                && v == x + 1}","ident":"lq_anf$##7205759403792855640","row":24,"col":16},"41":{"ann":"()","ident":"lq_anf$##7205759403792855643","row":24,"col":41},"38":{"ann":"{v : GHC.Integer.Type.Integer | 0 <= v\n                                && v == x}","ident":"x","row":24,"col":38},"6":{"ann":"{v : GHC.Integer.Type.Integer | 0 <= v}","ident":"x","row":24,"col":6}},"32":{"7":{"ann":"{v : GHC.Integer.Type.Integer | 0 <= v}","ident":"x","row":32,"col":7},"49":{"ann":"{v : GHC.Integer.Type.Integer | v == add1Int x\n                                && v == x + 1}","ident":"lq_anf$##7205759403792855638","row":32,"col":49},"30":{"ann":"{v : GHC.Integer.Type.Integer | v == add1Nat x\n                                && v == (if x >= 0 then x + 1 else 0)}","ident":"lq_anf$##7205759403792855637","row":32,"col":30},"17":{"ann":"{v : GHC.Integer.Type.Integer | v == add1Int x\n                                && v == x + 1}","ident":"lq_anf$##7205759403792855636","row":32,"col":17},"1":{"ann":"x1:{v : GHC.Integer.Type.Integer | 0 <= v} -> {VV : (PropositionalEquality.EqT {v : GHC.Integer.Type.Integer | v == x1 + 1}) | eqT (add1Int x1) (add1Nat x1)}","ident":"RefinedDomains.pf0''","row":32,"col":1},"26":{"ann":"{v : GHC.Integer.Type.Integer | 0 <= v\n                                && v == x}","ident":"x","row":32,"col":26},"39":{"ann":"{v : GHC.Integer.Type.Integer | 0 <= v\n                                && v == x}","ident":"x","row":32,"col":39},"58":{"ann":"{v : GHC.Integer.Type.Integer | 0 <= v\n                                && v == x}","ident":"x","row":32,"col":58},"42":{"ann":"()","ident":"lq_anf$##7205759403792855639","row":32,"col":42}}},"sptypes":[{"start":{"line":1,"column":1},"ann":"GHC.Types.Module","ident":"RefinedDomains.$trModule","stop":{"line":1,"column":1}},{"start":{"line":16,"column":1},"ann":"{VV : (PropositionalEquality.EqT x:{v : GHC.Integer.Type.Integer | 0 <= v} -> GHC.Integer.Type.Integer) | eqT add1Int add1Nat}","ident":"RefinedDomains.pf","stop":{"line":16,"column":3}},{"start":{"line":16,"column":12},"ann":"x1:GHC.Integer.Type.Integer -> {v : GHC.Integer.Type.Integer | v == add1Int x1\n                                                               && v == x1 + 1}","ident":"RefinedDomains.add1Int","stop":{"line":16,"column":19}},{"start":{"line":16,"column":20},"ann":"x1:GHC.Integer.Type.Integer -> {v : GHC.Integer.Type.Integer | v == add1Nat x1\n                                                               && v == (if x1 >= 0 then x1 + 1 else 0)}","ident":"RefinedDomains.add1Nat","stop":{"line":16,"column":27}},{"start":{"line":16,"column":28},"ann":"{v : (PropositionalEquality.AEq GHC.Integer.Type.Integer) | v == $fAEqInteger}","ident":"PropositionalEquality.$fAEqInteger","stop":{"line":16,"column":85}},{"start":{"line":16,"column":30},"ann":"GHC.Integer.Type.Integer","ident":"x","stop":{"line":16,"column":31}},{"start":{"line":16,"column":41},"ann":"{v : GHC.Integer.Type.Integer | v == add1Int x\n                                && v == x + 1}","ident":"lq_anf$##7205759403792855644","stop":{"line":16,"column":52}},{"start":{"line":16,"column":50},"ann":"{v : GHC.Integer.Type.Integer | v == x}","ident":"x","stop":{"line":16,"column":51}},{"start":{"line":16,"column":53},"ann":"{v : GHC.Integer.Type.Integer | v == add1Nat x\n                                && v == (if x >= 0 then x + 1 else 0)}","ident":"lq_anf$##7205759403792855645","stop":{"line":16,"column":64}},{"start":{"line":16,"column":62},"ann":"{v : GHC.Integer.Type.Integer | v == x}","ident":"x","stop":{"line":16,"column":63}},{"start":{"line":16,"column":65},"ann":"()","ident":"lq_anf$##7205759403792855647","stop":{"line":16,"column":84}},{"start":{"line":16,"column":72},"ann":"{v : GHC.Integer.Type.Integer | v == add1Int x\n                                && v == x + 1}","ident":"lq_anf$##7205759403792855646","stop":{"line":16,"column":83}},{"start":{"line":16,"column":81},"ann":"{v : GHC.Integer.Type.Integer | v == x}","ident":"x","stop":{"line":16,"column":82}},{"start":{"line":20,"column":1},"ann":"{VV : (PropositionalEquality.EqT x:{v : GHC.Integer.Type.Integer | 0 <= v} -> {v : GHC.Integer.Type.Integer | 0 <= v}) | eqT add1Int add1Nat}","ident":"RefinedDomains.pf'","stop":{"line":20,"column":4}},{"start":{"line":20,"column":13},"ann":"x1:GHC.Integer.Type.Integer -> {v : GHC.Integer.Type.Integer | v == add1Int x1\n                                                               && v == x1 + 1}","ident":"RefinedDomains.add1Int","stop":{"line":20,"column":20}},{"start":{"line":20,"column":21},"ann":"x1:GHC.Integer.Type.Integer -> {v : GHC.Integer.Type.Integer | v == add1Nat x1\n                                                               && v == (if x1 >= 0 then x1 + 1 else 0)}","ident":"RefinedDomains.add1Nat","stop":{"line":20,"column":28}},{"start":{"line":20,"column":29},"ann":"x1:{v : GHC.Integer.Type.Integer | 0 <= v} -> {v : (PropositionalEquality.EqT {v : GHC.Integer.Type.Integer | 0 <= v}) | eqT (add1Int x1) (add1Nat x1)}","ident":"RefinedDomains.pf0'","stop":{"line":20,"column":33}},{"start":{"line":24,"column":1},"ann":"x1:{v : GHC.Integer.Type.Integer | 0 <= v} -> {VV : (PropositionalEquality.EqT {v : GHC.Integer.Type.Integer | 0 <= v}) | eqT (add1Int x1) (add1Nat x1)}","ident":"RefinedDomains.pf0'","stop":{"line":24,"column":5}},{"start":{"line":24,"column":6},"ann":"{v : GHC.Integer.Type.Integer | 0 <= v}","ident":"x","stop":{"line":24,"column":7}},{"start":{"line":24,"column":16},"ann":"{v : GHC.Integer.Type.Integer | v == add1Int x\n                                && v == x + 1}","ident":"lq_anf$##7205759403792855640","stop":{"line":24,"column":27}},{"start":{"line":24,"column":25},"ann":"{v : GHC.Integer.Type.Integer | 0 <= v\n                                && v == x}","ident":"x","stop":{"line":24,"column":26}},{"start":{"line":24,"column":29},"ann":"{v : GHC.Integer.Type.Integer | v == add1Nat x\n                                && v == (if x >= 0 then x + 1 else 0)}","ident":"lq_anf$##7205759403792855641","stop":{"line":24,"column":40}},{"start":{"line":24,"column":38},"ann":"{v : GHC.Integer.Type.Integer | 0 <= v\n                                && v == x}","ident":"x","stop":{"line":24,"column":39}},{"start":{"line":24,"column":41},"ann":"()","ident":"lq_anf$##7205759403792855643","stop":{"line":24,"column":60}},{"start":{"line":24,"column":48},"ann":"{v : GHC.Integer.Type.Integer | v == add1Int x\n                                && v == x + 1}","ident":"lq_anf$##7205759403792855642","stop":{"line":24,"column":59}},{"start":{"line":24,"column":57},"ann":"{v : GHC.Integer.Type.Integer | 0 <= v\n                                && v == x}","ident":"x","stop":{"line":24,"column":58}},{"start":{"line":28,"column":1},"ann":"{VV : (PropositionalEquality.EqT x:{v : GHC.Integer.Type.Integer | 0 <= v} -> {v : GHC.Integer.Type.Integer | v == x + 1}) | eqT add1Int add1Nat}","ident":"RefinedDomains.pf''","stop":{"line":28,"column":5}},{"start":{"line":28,"column":15},"ann":"x1:GHC.Integer.Type.Integer -> {v : GHC.Integer.Type.Integer | v == add1Int x1\n                                                               && v == x1 + 1}","ident":"RefinedDomains.add1Int","stop":{"line":28,"column":22}},{"start":{"line":28,"column":23},"ann":"x1:GHC.Integer.Type.Integer -> {v : GHC.Integer.Type.Integer | v == add1Nat x1\n                                                               && v == (if x1 >= 0 then x1 + 1 else 0)}","ident":"RefinedDomains.add1Nat","stop":{"line":28,"column":30}},{"start":{"line":28,"column":31},"ann":"x1:{v : GHC.Integer.Type.Integer | 0 <= v} -> {v : (PropositionalEquality.EqT {v : GHC.Integer.Type.Integer | v == x1 + 1}) | eqT (add1Int x1) (add1Nat x1)}","ident":"RefinedDomains.pf0''","stop":{"line":28,"column":36}},{"start":{"line":32,"column":1},"ann":"x1:{v : GHC.Integer.Type.Integer | 0 <= v} -> {VV : (PropositionalEquality.EqT {v : GHC.Integer.Type.Integer | v == x1 + 1}) | eqT (add1Int x1) (add1Nat x1)}","ident":"RefinedDomains.pf0''","stop":{"line":32,"column":6}},{"start":{"line":32,"column":7},"ann":"{v : GHC.Integer.Type.Integer | 0 <= v}","ident":"x","stop":{"line":32,"column":8}},{"start":{"line":32,"column":17},"ann":"{v : GHC.Integer.Type.Integer | v == add1Int x\n                                && v == x + 1}","ident":"lq_anf$##7205759403792855636","stop":{"line":32,"column":28}},{"start":{"line":32,"column":26},"ann":"{v : GHC.Integer.Type.Integer | 0 <= v\n                                && v == x}","ident":"x","stop":{"line":32,"column":27}},{"start":{"line":32,"column":30},"ann":"{v : GHC.Integer.Type.Integer | v == add1Nat x\n                                && v == (if x >= 0 then x + 1 else 0)}","ident":"lq_anf$##7205759403792855637","stop":{"line":32,"column":41}},{"start":{"line":32,"column":39},"ann":"{v : GHC.Integer.Type.Integer | 0 <= v\n                                && v == x}","ident":"x","stop":{"line":32,"column":40}},{"start":{"line":32,"column":42},"ann":"()","ident":"lq_anf$##7205759403792855639","stop":{"line":32,"column":61}},{"start":{"line":32,"column":49},"ann":"{v : GHC.Integer.Type.Integer | v == add1Int x\n                                && v == x + 1}","ident":"lq_anf$##7205759403792855638","stop":{"line":32,"column":60}},{"start":{"line":32,"column":58},"ann":"{v : GHC.Integer.Type.Integer | 0 <= v\n                                && v == x}","ident":"x","stop":{"line":32,"column":59}},{"start":{"line":66,"column":1},"ann":"x1:GHC.Integer.Type.Integer -> {VV : GHC.Integer.Type.Integer | VV == add1Int x1\n                                                                && VV == x1 + 1}","ident":"RefinedDomains.add1Int","stop":{"line":66,"column":8}},{"start":{"line":66,"column":9},"ann":"GHC.Integer.Type.Integer","ident":"x","stop":{"line":66,"column":10}},{"start":{"line":66,"column":13},"ann":"{v : GHC.Integer.Type.Integer | v == x}","ident":"x","stop":{"line":66,"column":14}},{"start":{"line":66,"column":17},"ann":"{v : GHC.Integer.Type.Integer | v == 1}","ident":"lq_anf$##7205759403792855631","stop":{"line":66,"column":18}},{"start":{"line":70,"column":1},"ann":"x1:GHC.Integer.Type.Integer -> {VV : GHC.Integer.Type.Integer | VV == add1Nat x1\n                                                                && VV == (if x1 >= 0 then x1 + 1 else 0)}","ident":"RefinedDomains.add1Nat","stop":{"line":70,"column":8}},{"start":{"line":70,"column":9},"ann":"GHC.Integer.Type.Integer","ident":"x","stop":{"line":70,"column":10}},{"start":{"line":70,"column":16},"ann":"{v : GHC.Integer.Type.Integer | v == x}","ident":"x","stop":{"line":70,"column":17}},{"start":{"line":70,"column":21},"ann":"{v : GHC.Integer.Type.Integer | v == 0}","ident":"lq_anf$##7205759403792855632","stop":{"line":70,"column":22}},{"start":{"line":70,"column":28},"ann":"{v : GHC.Integer.Type.Integer | v == x}","ident":"x","stop":{"line":70,"column":29}},{"start":{"line":70,"column":32},"ann":"{v : GHC.Integer.Type.Integer | v == 1}","ident":"lq_anf$##7205759403792855635","stop":{"line":70,"column":33}}],"errors":[]}