{"status":"safe","types":{"37":{"40":{"ann":"{v : [a] | len v >= 0\n           && v == xs}","ident":"xs","row":37,"col":40},"27":{"ann":"{v : [a] | v == slowReverse xs}","ident":"lq_anf$##7205759403792852297","row":37,"col":27}},"48":{"23":{"ann":"{v : [a] | tail v == rest\n           && head v == x\n           && lqdc##$select v == rest\n           && lqdc##$select v == x\n           && len v == 1 + len rest\n           && v == : x rest}","ident":"lq_anf$##7205759403792852287","row":48,"col":23},"26":{"ann":"{v : [a] | len v >= 0\n           && v == rest}","ident":"rest","row":48,"col":26},"5":{"ann":"(PropositionalEquality.EqT [a])","ident":"lq_anf$##7205759403792852288","row":48,"col":5},"24":{"ann":"{VV : a | VV == x}","ident":"x","row":48,"col":24},"32":{"ann":"{v : [a] | len v >= 0\n           && v == xs}","ident":"xs","row":48,"col":32}},"185":{"22":{"ann":"{VV : forall a <p :: a a -> Bool>.\n      {v : [a]<\\x3 VV -> {VV : a<p x3> | true}> | len v == 0\n                                                  && v == []} | VV == []}","ident":"_","row":185,"col":22},"1":{"ann":"forall a . x1:[a] -> {VV : [a] | VV == slowReverse x1}","ident":"Reverse.slowReverse","row":185,"col":1}},"96":{"30":{"ann":"{v : [a] | len v >= 0\n           && v == xs}","ident":"xs","row":96,"col":30},"17":{"ann":"{v : [a] | v == slowReverse xs}","ident":"lq_anf$##7205759403792852208","row":96,"col":17},"9":{"ann":"()","ident":"lq_anf$##7205759403792852209","row":96,"col":9}},"106":{"7":{"ann":"{v : Language.Haskell.Liquid.ProofCombinators.QED | v == QED}","ident":"Language.Haskell.Liquid.ProofCombinators.QED","row":106,"col":7}},"25":{"22":{"ann":"{VV : forall a .\n      x1:[a] -> {v : [a] | v == fastReverse x1\n                           && v == fastReverse' [] x1} | VV == fastReverse}","ident":"_","row":25,"col":22},"1":{"ann":"forall a .\n(PropositionalEquality.AEq<[]> [a]) =>\n{VV : (PropositionalEquality.EqT [a] -> [a]) | eqT fastReverse slowReverse}","ident":"Reverse.reverseFunEq","row":25,"col":1},"34":{"ann":"forall a . x1:[a] -> {VV : [a] | VV == slowReverse x1}","ident":"Reverse.slowReverse","row":25,"col":34},"46":{"ann":"x1:[a] -> {v : (PropositionalEquality.EqT [a]) | eqT (fastReverse x1) (slowReverse x1)}","ident":"lq_anf$##7205759403792852235","row":25,"col":46}},"43":{"28":{"ann":"{v : (PEqProperties.Reflexivity [a]) | v == $dReflexivity_adx2}","ident":"$dReflexivity_adx2","row":43,"col":28},"1":{"ann":"forall a .\n(PEqProperties.Reflexivity<[]> [a], PEqProperties.Transitivity<[]> [a]) =>\nx3:[a] -> x4:[a] -> {VV : (PropositionalEquality.EqT [a]) | eqT (fastReverse' x3 x4) (++ (slowReverse x4) x3)}","ident":"Reverse.reverseSameLemma","row":43,"col":1},"18":{"ann":"[a]","ident":"rest","row":43,"col":18},"33":{"ann":"{v : [a] | len v >= 0\n           && v == rest}","ident":"rest","row":43,"col":33}},"156":{"15":{"ann":"{VV : a | VV == x}","ident":"x","row":156,"col":15},"14":{"ann":"{v : [a] | head v == x\n           && lqdc##$select v == x}","ident":"lq_anf$##7205759403792852188","row":156,"col":14},"17":{"ann":"{v : [a] | len v >= 0}","ident":"ds_ddzc","row":156,"col":17},"5":{"ann":"()","ident":"lq_anf$##7205759403792852189","row":156,"col":5},"11":{"ann":"{v : [a] | len v >= 0\n           && v == xs}","ident":"xs","row":156,"col":11}},"57":{"25":{"ann":"{v : [a] | v == : x xs\n           && v == cons x xs}","ident":"lq_anf$##7205759403792852268","row":57,"col":25},"31":{"ann":"{VV : a | VV == x}","ident":"x","row":57,"col":31},"33":{"ann":"{v : [a] | len v >= 0\n           && v == xs}","ident":"xs","row":57,"col":33}},"36":{"28":{"ann":"{v : [a] | v == slowReverse xs}","ident":"lq_anf$##7205759403792852294","row":36,"col":28},"40":{"ann":"{v : [a] | len v >= 0\n           && v == xs}","ident":"xs","row":36,"col":40},"46":{"ann":"{VV : forall a <p :: a a -> Bool>.\n      {v : [a]<\\x3 VV -> {VV : a<p x3> | true}> | len v == 0\n                                                  && v == []} | VV == []}","ident":"_","row":36,"col":46},"27":{"ann":"[a]","ident":"lq_anf$##7205759403792852296","row":36,"col":27}},"49":{"13":{"ann":"{v : [a] | v == slowReverse xs}","ident":"lq_anf$##7205759403792852289","row":49,"col":13},"31":{"ann":"{VV : a | VV == x}","ident":"x","row":49,"col":31},"30":{"ann":"{v : [a] | head v == x\n           && lqdc##$select v == x}","ident":"lq_anf$##7205759403792852291","row":49,"col":30},"26":{"ann":"{v : [a] | len v >= 0\n           && v == xs}","ident":"xs","row":49,"col":26},"34":{"ann":"{v : [a] | len v >= 0\n           && v == rest}","ident":"rest","row":49,"col":34},"5":{"ann":"(PropositionalEquality.EqT [a])","ident":"lq_anf$##7205759403792852292","row":49,"col":5}},"85":{"1":{"ann":"forall a .\n(PropositionalEquality.AEq<[]> [a]) =>\n{VV : (PropositionalEquality.EqT [a] -> [a]) | eqT fastReverse slowReverse}","ident":"Reverse.reverseOneSwoopEq","row":85,"col":1},"39":{"ann":"forall a . x1:[a] -> {VV : [a] | VV == slowReverse x1}","ident":"Reverse.slowReverse","row":85,"col":39},"27":{"ann":"{VV : forall a .\n      x1:[a] -> {v : [a] | v == fastReverse x1\n                           && v == fastReverse' [] x1} | VV == fastReverse}","ident":"_","row":85,"col":27},"21":{"ann":"x1:([a] -> (PropositionalEquality.EqT [a])) -> {v : (PropositionalEquality.EqT [a] -> [a]) | lqdc##$select v == x1}","ident":"lq_anf$##7205759403792852218","row":85,"col":21},"54":{"ann":"[a]","ident":"xs","row":85,"col":54}},"101":{"17":{"ann":"{v : [a] | len v >= 0\n           && v == xs}","ident":"xs","row":101,"col":17},"5":{"ann":"{v : [a] | v == fastReverse xs\n           && v == fastReverse' [] xs}","ident":"lq_anf$##7205759403792852194","row":101,"col":5}},"66":{"31":{"ann":"{VV : a | VV == x}","ident":"x","row":66,"col":31},"29":{"ann":"[a]","ident":"lq_anf$##7205759403792852242","row":66,"col":29},"30":{"ann":"{v : [a] | tail v == xs\n           && head v == x\n           && lqdc##$select v == xs\n           && lqdc##$select v == x\n           && len v == 1 + len xs\n           && v == : x xs}","ident":"lq_anf$##7205759403792852240","row":66,"col":30},"40":{"ann":"{v : [a] | v == ++ ys zs}","ident":"lq_anf$##7205759403792852241","row":66,"col":40},"41":{"ann":"{v : [a] | len v >= 0\n           && v == ys}","ident":"ys","row":66,"col":41},"33":{"ann":"{v : [a] | len v >= 0\n           && v == xs}","ident":"xs","row":66,"col":33},"47":{"ann":"{v : [a] | len v >= 0\n           && v == zs}","ident":"zs","row":66,"col":47}},"190":{"12":{"ann":"[a]","ident":"xs","row":190,"col":12},"1":{"ann":"forall a .\nx1:[a] -> {VV : [a] | VV == badReverse x1\n                      && VV == x1}","ident":"Reverse.badReverse","row":190,"col":1}},"167":{"22":{"ann":"{v : () | v == ()}","ident":"GHC.Tuple.()","row":167,"col":22},"1":{"ann":"forall a .\nx1:[a] -> x2:[a] -> x3:[a] -> {VV : () | ++ (++ x1 x2) x3 == ++ x1 (++ x2 x3)}","ident":"Reverse.assoc","row":167,"col":1}},"157":{"28":{"ann":"{v : [a] | head v == x\n           && lqdc##$select v == x}","ident":"lq_anf$##7205759403792852192","row":157,"col":28},"29":{"ann":"{VV : a | VV == x}","ident":"x","row":157,"col":29},"5":{"ann":"()","ident":"lq_anf$##7205759403792852193","row":157,"col":5},"11":{"ann":"{v : [a] | v == slowReverse xs}","ident":"lq_anf$##7205759403792852190","row":157,"col":11},"24":{"ann":"{v : [a] | len v >= 0\n           && v == xs}","ident":"xs","row":157,"col":24},"32":{"ann":"{v : [a] | len v >= 0}","ident":"ds_ddzc","row":157,"col":32}},"56":{"25":{"ann":"[a]","ident":"lq_anf$##7205759403792852267","row":56,"col":25},"31":{"ann":"{VV : a | VV == x}","ident":"x","row":56,"col":31},"34":{"ann":"{v : [a] | len v >= 0\n           && v == xs}","ident":"xs","row":56,"col":34},"33":{"ann":"[a]","ident":"lq_anf$##7205759403792852266","row":56,"col":33},"38":{"ann":"{VV : forall a <p :: a a -> Bool>.\n      {v : [a]<\\x3 VV -> {VV : a<p x3> | true}> | len v == 0\n                                                  && v == []} | VV == []}","ident":"_","row":56,"col":38}},"30":{"61":{"ann":"()","ident":"lq_anf$##7205759403792852232","row":30,"col":61},"82":{"ann":"{v : [a] | len v >= 0\n           && v == xs}","ident":"xs","row":30,"col":82},"28":{"ann":"{v : [a] | v == fastReverse xs\n           && v == fastReverse' [] xs}","ident":"lq_anf$##7205759403792852226","row":30,"col":28},"56":{"ann":"{VV : forall a <p :: a a -> Bool>.\n      {v : [a]<\\x3 VV -> {VV : a<p x3> | true}> | len v == 0\n                                                  && v == []} | VV == []}","ident":"_","row":30,"col":56},"53":{"ann":"{v : [a] | len v >= 0\n           && v == xs}","ident":"xs","row":30,"col":53},"1":{"ann":"forall a .\n(PEqProperties.Reflexivity<[]> [a]) =>\nx2:[a] -> {VV : (PropositionalEquality.EqT [a]) | eqT (fastReverse x2) (slowReverse x2)}","ident":"Reverse.reverseFunSimple","row":30,"col":1},"23":{"ann":"(PropositionalEquality.EqT [a])","ident":"lq_anf$##7205759403792852227","row":30,"col":23},"18":{"ann":"[a]","ident":"xs","row":30,"col":18},"69":{"ann":"{v : [a] | v == slowReverse xs}","ident":"lq_anf$##7205759403792852231","row":30,"col":69},"41":{"ann":"{v : [a] | len v >= 0\n           && v == xs}","ident":"xs","row":30,"col":41},"47":{"ann":"()","ident":"lq_anf$##7205759403792852229","row":30,"col":47}},"86":{"78":{"ann":"{v : [a] | len v >= 0\n           && v == xs}","ident":"xs","row":86,"col":78},"43":{"ann":"()","ident":"lq_anf$##7205759403792852224","row":86,"col":43},"22":{"ann":"{v : [a] | len v >= 0\n           && v == xs}","ident":"xs","row":86,"col":22},"44":{"ann":"{v : () | fastReverse xs == slowReverse xs\n          && v == reverseEq xs}","ident":"lq_anf$##7205759403792852221","row":86,"col":44},"26":{"ann":"{v : [a] | v == slowReverse xs}","ident":"lq_anf$##7205759403792852220","row":86,"col":26},"59":{"ann":"()","ident":"lq_anf$##7205759403792852223","row":86,"col":59},"39":{"ann":"{v : [a] | len v >= 0\n           && v == xs}","ident":"xs","row":86,"col":39},"65":{"ann":"{v : [a] | v == fastReverse xs\n           && v == fastReverse' [] xs}","ident":"lq_anf$##7205759403792852222","row":86,"col":65},"9":{"ann":"{v : [a] | v == fastReverse xs\n           && v == fastReverse' [] xs}","ident":"lq_anf$##7205759403792852219","row":86,"col":9},"54":{"ann":"{v : [a] | len v >= 0\n           && v == xs}","ident":"xs","row":86,"col":54}},"35":{"1":{"ann":"forall a .\n(PEqProperties.Reflexivity<[]> [a], PEqProperties.Transitivity<[]> [a]) =>\nx3:[a] -> {VV : (PropositionalEquality.EqT [a]) | eqT (fastReverse x3) (slowReverse x3)}","ident":"Reverse.reverseFunProp","row":35,"col":1},"40":{"ann":"{v : [a] | len v >= 0\n           && v == xs}","ident":"xs","row":35,"col":40},"16":{"ann":"[a]","ident":"xs","row":35,"col":16},"27":{"ann":"{v : [a] | v == fastReverse xs\n           && v == fastReverse' [] xs}","ident":"lq_anf$##7205759403792852293","row":35,"col":27}},"68":{"29":{"ann":"[a]","ident":"lq_anf$##7205759403792852248","row":68,"col":29},"53":{"ann":"{v : [a] | len v >= 0\n           && v == zs}","ident":"zs","row":68,"col":53},"35":{"ann":"{VV : a | VV == x}","ident":"x","row":68,"col":35},"40":{"ann":"{v : [a] | len v >= 0\n           && v == xs}","ident":"xs","row":68,"col":40},"39":{"ann":"{v : [a] | v == ++ xs ys}","ident":"lq_anf$##7205759403792852246","row":68,"col":39},"46":{"ann":"{v : [a] | len v >= 0\n           && v == ys}","ident":"ys","row":68,"col":46},"38":{"ann":"[a]","ident":"lq_anf$##7205759403792852247","row":68,"col":38}},"45":{"28":{"ann":"{v : [a] | tail v == xs\n           && head v == x\n           && lqdc##$select v == xs\n           && lqdc##$select v == x\n           && len v == 1 + len xs\n           && v == : x xs}","ident":"lq_anf$##7205759403792852279","row":45,"col":28},"31":{"ann":"{v : [a] | len v >= 0\n           && v == xs}","ident":"xs","row":45,"col":31},"29":{"ann":"{VV : a | VV == x}","ident":"x","row":45,"col":29},"23":{"ann":"{v : [a] | len v >= 0\n           && v == rest}","ident":"rest","row":45,"col":23},"9":{"ann":"[a]","ident":"lq_anf$##7205759403792852280","row":45,"col":9}},"67":{"51":{"ann":"{v : [a] | len v >= 0\n           && v == zs}","ident":"zs","row":67,"col":51},"37":{"ann":"[a]","ident":"lq_anf$##7205759403792852244","row":67,"col":37},"44":{"ann":"{v : [a] | v == ++ ys zs}","ident":"lq_anf$##7205759403792852243","row":67,"col":44},"29":{"ann":"[a]","ident":"lq_anf$##7205759403792852245","row":67,"col":29},"35":{"ann":"{VV : a | VV == x}","ident":"x","row":67,"col":35},"45":{"ann":"{v : [a] | len v >= 0\n           && v == ys}","ident":"ys","row":67,"col":45},"38":{"ann":"{v : [a] | len v >= 0\n           && v == xs}","ident":"xs","row":67,"col":38}},"90":{"73":{"ann":"()","ident":"lq_anf$##7205759403792852214","row":90,"col":73},"57":{"ann":"()","ident":"lq_anf$##7205759403792852215","row":90,"col":57},"36":{"ann":"{v : [a] | len v >= 0\n           && v == xs}","ident":"xs","row":90,"col":36},"12":{"ann":"[a]","ident":"xs","row":90,"col":12},"53":{"ann":"{v : [a] | len v >= 0\n           && v == xs}","ident":"xs","row":90,"col":53},"68":{"ann":"{v : [a] | len v >= 0\n           && v == xs}","ident":"xs","row":90,"col":68},"1":{"ann":"forall a .\n(PropositionalEquality.AEq<[]> [a]) =>\nx2:[a] -> {VV : (PropositionalEquality.EqT [a]) | eqT (fastReverse x2) (slowReverse x2)}","ident":"Reverse.reverseTEq","row":90,"col":1},"23":{"ann":"{v : [a] | v == fastReverse xs\n           && v == fastReverse' [] xs}","ident":"lq_anf$##7205759403792852210","row":90,"col":23},"40":{"ann":"{v : [a] | v == slowReverse xs}","ident":"lq_anf$##7205759403792852211","row":90,"col":40},"58":{"ann":"{v : () | fastReverse xs == slowReverse xs\n          && v == reverseEq xs}","ident":"lq_anf$##7205759403792852212","row":90,"col":58},"92":{"ann":"{v : [a] | len v >= 0\n           && v == xs}","ident":"xs","row":90,"col":92},"79":{"ann":"{v : [a] | v == fastReverse xs\n           && v == fastReverse' [] xs}","ident":"lq_anf$##7205759403792852213","row":90,"col":79}},"100":{"13":{"ann":"[a]","ident":"xs","row":100,"col":13},"1":{"ann":"forall a . x1:[a] -> {VV : () | fastReverse x1 == slowReverse x1}","ident":"Reverse.reverseNoEq","row":100,"col":1}},"1":{"1":{"ann":"GHC.Types.Module","ident":"Reverse.$trModule","row":1,"col":1}},"95":{"15":{"ann":"{v : [a] | len v >= 0\n           && v == xs}","ident":"xs","row":95,"col":15},"18":{"ann":"{VV : forall a <p :: a a -> Bool>.\n      {v : [a]<\\x3 VV -> {VV : a<p x3> | true}> | len v == 0\n                                                  && v == []} | VV == []}","ident":"_","row":95,"col":18},"9":{"ann":"()","ident":"lq_anf$##7205759403792852207","row":95,"col":9}},"194":{"16":{"ann":"{v : [a] | len v >= 0\n           && v == ys}","ident":"ys","row":194,"col":16},"8":{"ann":"forall a . x1:[a] -> x2:[a] -> {VV : [a] | VV == ++ x1 x2}","ident":"Reverse.++","row":194,"col":8},"11":{"ann":"[a]","ident":"ys","row":194,"col":11}},"105":{"17":{"ann":"{v : [a] | len v >= 0\n           && v == xs}","ident":"xs","row":105,"col":17},"5":{"ann":"{v : [a] | v == slowReverse xs}","ident":"lq_anf$##7205759403792852204","row":105,"col":5}},"59":{"25":{"ann":"(PropositionalEquality.EqT [a])","ident":"lq_anf$##7205759403792852277","row":59,"col":25},"50":{"ann":"{v : (PropositionalEquality.EqT [a]) | eqT (++ xs []) xs\n                                       && v == rightIdP xs}","ident":"lq_anf$##7205759403792852275","row":59,"col":50},"35":{"ann":"{v : [a] | len v >= 0\n           && v == xs}","ident":"xs","row":59,"col":35},"45":{"ann":"{v : [a] | len v >= 0\n           && v == xs}","ident":"xs","row":59,"col":45},"70":{"ann":"{VV : a | VV == x}","ident":"x","row":59,"col":70},"34":{"ann":"[a]","ident":"lq_anf$##7205759403792852274","row":59,"col":34},"64":{"ann":"x1:[a] -> {v : [a] | v == : x x1\n                     && v == cons x x1}","ident":"lq_anf$##7205759403792852276","row":59,"col":64},"41":{"ann":"{VV : forall a <p :: a a -> Bool>.\n      {v : [a]<\\x3 VV -> {VV : a<p x3> | true}> | len v == 0\n                                                  && v == []} | VV == []}","ident":"_","row":59,"col":41},"60":{"ann":"{v : [a] | len v >= 0\n           && v == xs}","ident":"xs","row":59,"col":60}},"70":{"61":{"ann":"{v : [a] | len v >= 0\n           && v == xs}","ident":"xs","row":70,"col":61},"96":{"ann":"x1:[a] -> {v : [a] | v == : x x1\n                     && v == cons x x1}","ident":"lq_anf$##7205759403792852258","row":70,"col":96},"78":{"ann":"{v : (PropositionalEquality.EqT [a]) | eqT (++ xs (++ ys zs)) (++ (++ xs ys) zs)\n                                       && v == assocP xs ys zs}","ident":"lq_anf$##7205759403792852257","row":70,"col":78},"29":{"ann":"(PropositionalEquality.EqT [a])","ident":"lq_anf$##7205759403792852259","row":70,"col":29},"74":{"ann":"{v : [a] | len v >= 0\n           && v == zs}","ident":"zs","row":70,"col":74},"86":{"ann":"{v : [a] | len v >= 0\n           && v == xs}","ident":"xs","row":70,"col":86},"53":{"ann":"{v : [a] | len v >= 0\n           && v == zs}","ident":"zs","row":70,"col":53},"67":{"ann":"{v : [a] | len v >= 0\n           && v == ys}","ident":"ys","row":70,"col":67},"89":{"ann":"{v : [a] | len v >= 0\n           && v == ys}","ident":"ys","row":70,"col":89},"40":{"ann":"{v : [a] | len v >= 0\n           && v == xs}","ident":"xs","row":70,"col":40},"59":{"ann":"[a]","ident":"lq_anf$##7205759403792852256","row":70,"col":59},"46":{"ann":"{v : [a] | v == ++ ys zs}","ident":"lq_anf$##7205759403792852253","row":70,"col":46},"38":{"ann":"[a]","ident":"lq_anf$##7205759403792852254","row":70,"col":38},"47":{"ann":"{v : [a] | len v >= 0\n           && v == ys}","ident":"ys","row":70,"col":47},"92":{"ann":"{v : [a] | len v >= 0\n           && v == zs}","ident":"zs","row":70,"col":92},"102":{"ann":"{VV : a | VV == x}","ident":"x","row":70,"col":102},"60":{"ann":"{v : [a] | v == ++ xs ys}","ident":"lq_anf$##7205759403792852255","row":70,"col":60}},"186":{"22":{"ann":"{v : [a] | v == slowReverse xs}","ident":"lq_anf$##7205759403792852184","row":186,"col":22},"40":{"ann":"{v : [a] | head v == x\n           && lqdc##$select v == x}","ident":"lq_anf$##7205759403792852186","row":186,"col":40},"34":{"ann":"{v : [a] | len v >= 0\n           && v == xs}","ident":"xs","row":186,"col":34},"41":{"ann":"{VV : a | VV == x}","ident":"x","row":186,"col":41}},"69":{"37":{"ann":"{VV : a | VV == x}","ident":"x","row":69,"col":37},"36":{"ann":"{v : [a] | tail v == xs\n           && head v == x\n           && lqdc##$select v == xs\n           && lqdc##$select v == x\n           && len v == 1 + len xs\n           && v == : x xs}","ident":"lq_anf$##7205759403792852249","row":69,"col":36},"29":{"ann":"(PropositionalEquality.EqT [a])","ident":"lq_anf$##7205759403792852252","row":69,"col":29},"53":{"ann":"{v : [a] | len v >= 0\n           && v == zs}","ident":"zs","row":69,"col":53},"35":{"ann":"[a]","ident":"lq_anf$##7205759403792852251","row":69,"col":35},"39":{"ann":"{v : [a] | len v >= 0\n           && v == xs}","ident":"xs","row":69,"col":39},"46":{"ann":"{v : [a] | v == ++ ys zs}","ident":"lq_anf$##7205759403792852250","row":69,"col":46},"47":{"ann":"{v : [a] | len v >= 0\n           && v == ys}","ident":"ys","row":69,"col":47}},"168":{"28":{"ann":"{v : [a] | len v >= 0\n           && v == xs}","ident":"xs","row":168,"col":28},"31":{"ann":"{v : [a] | len v >= 0}","ident":"ds_ddyI","row":168,"col":31},"22":{"ann":"forall a .\nx1:[a] -> x2:[a] -> x3:[a] -> {VV : () | ++ (++ x1 x2) x3 == ++ x1 (++ x2 x3)}","ident":"Reverse.assoc","row":168,"col":22},"34":{"ann":"{v : [a] | len v >= 0}","ident":"ds_ddyJ","row":168,"col":34}},"103":{"15":{"ann":"{v : [a] | len v >= 0\n           && v == xs}","ident":"xs","row":103,"col":15},"18":{"ann":"{VV : forall a <p :: a a -> Bool>.\n      {v : [a]<\\x3 VV -> {VV : a<p x3> | true}> | len v == 0\n                                                  && v == []} | VV == []}","ident":"_","row":103,"col":18},"9":{"ann":"()","ident":"lq_anf$##7205759403792852199","row":103,"col":9}},"39":{"37":{"ann":"{v : [a] | v == slowReverse xs}","ident":"lq_anf$##7205759403792852300","row":39,"col":37},"50":{"ann":"{v : [a] | len v >= 0\n           && v == xs}","ident":"xs","row":39,"col":50},"27":{"ann":"(PropositionalEquality.EqT [a])","ident":"lq_anf$##7205759403792852301","row":39,"col":27}},"46":{"28":{"ann":"{v : [a] | tail v == rest\n           && head v == x\n           && lqdc##$select v == rest\n           && lqdc##$select v == x\n           && len v == 1 + len rest\n           && v == : x rest}","ident":"lq_anf$##7205759403792852282","row":46,"col":28},"31":{"ann":"{v : [a] | len v >= 0\n           && v == rest}","ident":"rest","row":46,"col":31},"22":{"ann":"{v : [a] | len v >= 0\n           && v == xs}","ident":"xs","row":46,"col":22},"29":{"ann":"{VV : a | VV == x}","ident":"x","row":46,"col":29},"9":{"ann":"[a]","ident":"lq_anf$##7205759403792852283","row":46,"col":9},"10":{"ann":"{v : [a] | v == slowReverse xs}","ident":"lq_anf$##7205759403792852281","row":46,"col":10}},"94":{"1":{"ann":"forall a . x1:[a] -> {VV : () | fastReverse x1 == slowReverse x1}","ident":"Reverse.reverseEq","row":94,"col":1},"11":{"ann":"[a]","ident":"xs","row":94,"col":11}},"195":{"25":{"ann":"{v : [a] | len v >= 0\n           && v == ys}","ident":"ys","row":195,"col":25},"19":{"ann":"{v : [a] | len v >= 0\n           && v == xs}","ident":"xs","row":195,"col":19},"18":{"ann":"{v : [a] | v == ++ xs ys}","ident":"lq_anf$##7205759403792852182","row":195,"col":18},"16":{"ann":"{VV : a | VV == x}","ident":"x","row":195,"col":16}},"162":{"18":{"ann":"forall a . x1:[a] -> {VV : () | ++ x1 [] == x1}","ident":"Reverse.rightId","row":162,"col":18},"26":{"ann":"{v : [a] | len v >= 0\n           && v == xs}","ident":"xs","row":162,"col":26}},"104":{"30":{"ann":"{v : [a] | len v >= 0\n           && v == xs}","ident":"xs","row":104,"col":30},"17":{"ann":"{v : [a] | v == slowReverse xs}","ident":"lq_anf$##7205759403792852201","row":104,"col":17},"9":{"ann":"()","ident":"lq_anf$##7205759403792852202","row":104,"col":9}},"58":{"25":{"ann":"(PropositionalEquality.EqT [a])","ident":"lq_anf$##7205759403792852272","row":58,"col":25},"31":{"ann":"{v : [a] | head v == x\n           && lqdc##$select v == x}","ident":"lq_anf$##7205759403792852271","row":58,"col":31},"35":{"ann":"{v : [a] | len v >= 0\n           && v == xs}","ident":"xs","row":58,"col":35},"40":{"ann":"{VV : forall a <p :: a a -> Bool>.\n      {v : [a]<\\x3 VV -> {VV : a<p x3> | true}> | len v == 0\n                                                  && v == []} | VV == []}","ident":"_","row":58,"col":40},"34":{"ann":"[a]","ident":"lq_anf$##7205759403792852270","row":58,"col":34},"32":{"ann":"{VV : a | VV == x}","ident":"x","row":58,"col":32}},"80":{"7":{"ann":"a","ident":"x","row":80,"col":7},"28":{"ann":"{v : Language.Haskell.Liquid.ProofCombinators.QED | v == QED}","ident":"Language.Haskell.Liquid.ProofCombinators.QED","row":80,"col":28},"14":{"ann":"{v : [a] | v == : x xs\n           && v == cons x xs}","ident":"lq_anf$##7205759403792852175","row":80,"col":14},"19":{"ann":"{VV : a | VV == x}","ident":"x","row":80,"col":19},"1":{"ann":"forall a . x1:a -> x2:[a] -> {VV : () | cons x1 x2 == : x1 x2}","ident":"Reverse.consP","row":80,"col":1},"21":{"ann":"{v : [a] | len v >= 0\n           && v == xs}","ident":"xs","row":80,"col":21},"9":{"ann":"[a]","ident":"xs","row":80,"col":9}},"154":{"15":{"ann":"{v : () | v == ()}","ident":"GHC.Tuple.()","row":154,"col":15},"1":{"ann":"forall a .\nx1:[a] -> x2:[a] -> {VV : () | fastReverse' x2 x1 == ++ (slowReverse x1) x2}","ident":"Reverse.lemma","row":154,"col":1}},"176":{"13":{"ann":"[a]","ident":"xs","row":176,"col":13},"31":{"ann":"{VV : forall a <p :: a a -> Bool>.\n      {v : [a]<\\x3 VV -> {VV : a<p x3> | true}> | len v == 0\n                                                  && v == []} | VV == []}","ident":"_","row":176,"col":31},"1":{"ann":"forall a .\nx1:[a] -> {VV : [a] | VV == fastReverse x1\n                      && VV == fastReverse' [] x1}","ident":"Reverse.fastReverse","row":176,"col":1},"34":{"ann":"{v : [a] | len v >= 0\n           && v == xs}","ident":"xs","row":176,"col":34}},"55":{"25":{"ann":"[a]","ident":"lq_anf$##7205759403792852264","row":55,"col":25},"36":{"ann":"{VV : forall a <p :: a a -> Bool>.\n      {v : [a]<\\x3 VV -> {VV : a<p x3> | true}> | len v == 0\n                                                  && v == []} | VV == []}","ident":"_","row":55,"col":36},"29":{"ann":"{v : [a] | len v >= 0\n           && v == xs}","ident":"xs","row":55,"col":29},"26":{"ann":"{v : [a] | tail v == xs\n           && head v == x\n           && lqdc##$select v == xs\n           && lqdc##$select v == x\n           && len v == 1 + len xs\n           && v == : x xs}","ident":"lq_anf$##7205759403792852262","row":55,"col":26},"27":{"ann":"{VV : a | VV == x}","ident":"x","row":55,"col":27}},"181":{"48":{"ann":"{v : [a] | len v >= 0\n           && v == xs}","ident":"xs","row":181,"col":48},"43":{"ann":"{v : [a] | len v >= 0\n           && v == acc}","ident":"acc","row":181,"col":43},"40":{"ann":"{v : [a] | tail v == acc\n           && head v == x\n           && lqdc##$select v == acc\n           && lqdc##$select v == x\n           && len v == 1 + len acc\n           && v == : x acc}","ident":"lq_anf$##7205759403792852179","row":181,"col":40},"27":{"ann":"forall a .\nx1:[a] -> x2:[a] -> {VV : [a] | VV == fastReverse' x1 x2}","ident":"Reverse.fastReverse'","row":181,"col":27},"41":{"ann":"{VV : a | VV == x}","ident":"x","row":181,"col":41}},"38":{"48":{"ann":"{v : [a] | len v >= 0\n           && v == xs}","ident":"xs","row":38,"col":48},"45":{"ann":"{VV : forall a <p :: a a -> Bool>.\n      {v : [a]<\\x3 VV -> {VV : a<p x3> | true}> | len v == 0\n                                                  && v == []} | VV == []}","ident":"_","row":38,"col":45},"27":{"ann":"(PropositionalEquality.EqT [a])","ident":"lq_anf$##7205759403792852299","row":38,"col":27}},"47":{"25":{"ann":"{v : [a] | len v >= 0\n           && v == xs}","ident":"xs","row":47,"col":25},"22":{"ann":"{v : [a] | tail v == xs\n           && head v == x\n           && lqdc##$select v == xs\n           && lqdc##$select v == x\n           && len v == 1 + len xs\n           && v == : x xs}","ident":"lq_anf$##7205759403792852284","row":47,"col":22},"23":{"ann":"{VV : a | VV == x}","ident":"x","row":47,"col":23},"9":{"ann":"[a]","ident":"lq_anf$##7205759403792852286","row":47,"col":9},"10":{"ann":"[a]","ident":"lq_anf$##7205759403792852285","row":47,"col":10},"32":{"ann":"{v : [a] | len v >= 0\n           && v == rest}","ident":"rest","row":47,"col":32}},"65":{"15":{"ann":"[a]","ident":"ys","row":65,"col":15},"28":{"ann":"[a]","ident":"lq_anf$##7205759403792852239","row":65,"col":28},"36":{"ann":"{v : [a] | len v >= 0\n           && v == ys}","ident":"ys","row":65,"col":36},"29":{"ann":"{VV : forall a <p :: a a -> Bool>.\n      {v : [a]<\\x3 VV -> {VV : a<p x3> | true}> | len v == 0\n                                                  && v == []} | VV == []}","ident":"_","row":65,"col":29},"35":{"ann":"{v : [a] | v == ++ ys zs}","ident":"lq_anf$##7205759403792852238","row":65,"col":35},"1":{"ann":"forall a .\n(PEqProperties.Reflexivity<[]> [a], PEqProperties.Transitivity<[]> [a]) =>\nx3:[a] -> x4:[a] -> x5:[a] -> {VV : (PropositionalEquality.EqT [a]) | eqT (++ x3 (++ x4 x5)) (++ (++ x3 x4) x5)}","ident":"Reverse.assocP","row":65,"col":1},"23":{"ann":"{v : (PEqProperties.Reflexivity [a]) | v == $dReflexivity_advY}","ident":"$dReflexivity_advY","row":65,"col":23},"18":{"ann":"[a]","ident":"zs","row":65,"col":18},"42":{"ann":"{v : [a] | len v >= 0\n           && v == zs}","ident":"zs","row":65,"col":42}},"102":{"18":{"ann":"{VV : forall a <p :: a a -> Bool>.\n      {v : [a]<\\x3 VV -> {VV : a<p x3> | true}> | len v == 0\n                                                  && v == []} | VV == []}","ident":"_","row":102,"col":18},"5":{"ann":"[a]","ident":"lq_anf$##7205759403792852196","row":102,"col":5},"21":{"ann":"{v : [a] | len v >= 0\n           && v == xs}","ident":"xs","row":102,"col":21}},"161":{"1":{"ann":"forall a . x1:[a] -> {VV : () | ++ x1 [] == x1}","ident":"Reverse.rightId","row":161,"col":1},"18":{"ann":"{v : () | v == ()}","ident":"GHC.Tuple.()","row":161,"col":18}},"54":{"19":{"ann":"{v : [a] | len v == 0\n           && v == []}","ident":"lq_anf$##7205759403792852261","row":54,"col":19},"1":{"ann":"forall a .\n(PEqProperties.Reflexivity<[]> [a], PEqProperties.Transitivity<[]> [a]) =>\nx3:[a] -> {VV : (PropositionalEquality.EqT [a]) | eqT (++ x3 []) x3}","ident":"Reverse.rightIdP","row":54,"col":1},"24":{"ann":"{VV : forall a <p :: a a -> Bool>.\n      {v : [a]<\\x3 VV -> {VV : a<p x3> | true}> | len v == 0\n                                                  && v == []} | VV == []}","ident":"_","row":54,"col":24}},"76":{"15":{"ann":"{v : [a] | len v >= 0\n           && v == xs}","ident":"xs","row":76,"col":15},"13":{"ann":"{VV : a | VV == x}","ident":"x","row":76,"col":13},"1":{"ann":"forall a . x1:a -> x2:[a] -> {v : [a] | v == : x1 x2}","ident":"Reverse.cons","row":76,"col":1},"8":{"ann":"[a]","ident":"xs","row":76,"col":8},"6":{"ann":"a","ident":"x","row":76,"col":6}},"180":{"14":{"ann":"[a]","ident":"acc","row":180,"col":14},"1":{"ann":"forall a .\nx1:[a] -> x2:[a] -> {VV : [a] | VV == fastReverse' x1 x2}","ident":"Reverse.fastReverse'","row":180,"col":1},"23":{"ann":"{v : [a] | len v >= 0\n           && v == acc}","ident":"acc","row":180,"col":23}}},"sptypes":[{"start":{"line":1,"column":1},"ann":"GHC.Types.Module","ident":"Reverse.$trModule","stop":{"line":1,"column":1}},{"start":{"line":25,"column":1},"ann":"forall a .\n(PropositionalEquality.AEq<[]> [a]) =>\n{VV : (PropositionalEquality.EqT [a] -> [a]) | eqT fastReverse slowReverse}","ident":"Reverse.reverseFunEq","stop":{"line":25,"column":13}},{"start":{"line":25,"column":22},"ann":"{VV : forall a .\n      x1:[a] -> {v : [a] | v == fastReverse x1\n                           && v == fastReverse' [] x1} | VV == fastReverse}","ident":"_","stop":{"line":25,"column":33}},{"start":{"line":25,"column":34},"ann":"forall a . x1:[a] -> {VV : [a] | VV == slowReverse x1}","ident":"Reverse.slowReverse","stop":{"line":25,"column":45}},{"start":{"line":25,"column":46},"ann":"x1:[a] -> {v : (PropositionalEquality.EqT [a]) | eqT (fastReverse x1) (slowReverse x1)}","ident":"lq_anf$##7205759403792852235","stop":{"line":25,"column":56}},{"start":{"line":30,"column":1},"ann":"forall a .\n(PEqProperties.Reflexivity<[]> [a]) =>\nx2:[a] -> {VV : (PropositionalEquality.EqT [a]) | eqT (fastReverse x2) (slowReverse x2)}","ident":"Reverse.reverseFunSimple","stop":{"line":30,"column":17}},{"start":{"line":30,"column":18},"ann":"[a]","ident":"xs","stop":{"line":30,"column":20}},{"start":{"line":30,"column":23},"ann":"(PropositionalEquality.EqT [a])","ident":"lq_anf$##7205759403792852227","stop":{"line":30,"column":44}},{"start":{"line":30,"column":28},"ann":"{v : [a] | v == fastReverse xs\n           && v == fastReverse' [] xs}","ident":"lq_anf$##7205759403792852226","stop":{"line":30,"column":44}},{"start":{"line":30,"column":41},"ann":"{v : [a] | len v >= 0\n           && v == xs}","ident":"xs","stop":{"line":30,"column":43}},{"start":{"line":30,"column":47},"ann":"()","ident":"lq_anf$##7205759403792852229","stop":{"line":30,"column":58}},{"start":{"line":30,"column":53},"ann":"{v : [a] | len v >= 0\n           && v == xs}","ident":"xs","stop":{"line":30,"column":55}},{"start":{"line":30,"column":56},"ann":"{VV : forall a <p :: a a -> Bool>.\n      {v : [a]<\\x3 VV -> {VV : a<p x3> | true}> | len v == 0\n                                                  && v == []} | VV == []}","ident":"_","stop":{"line":30,"column":58}},{"start":{"line":30,"column":61},"ann":"()","ident":"lq_anf$##7205759403792852232","stop":{"line":30,"column":85}},{"start":{"line":30,"column":69},"ann":"{v : [a] | v == slowReverse xs}","ident":"lq_anf$##7205759403792852231","stop":{"line":30,"column":85}},{"start":{"line":30,"column":82},"ann":"{v : [a] | len v >= 0\n           && v == xs}","ident":"xs","stop":{"line":30,"column":84}},{"start":{"line":35,"column":1},"ann":"forall a .\n(PEqProperties.Reflexivity<[]> [a], PEqProperties.Transitivity<[]> [a]) =>\nx3:[a] -> {VV : (PropositionalEquality.EqT [a]) | eqT (fastReverse x3) (slowReverse x3)}","ident":"Reverse.reverseFunProp","stop":{"line":35,"column":15}},{"start":{"line":35,"column":16},"ann":"[a]","ident":"xs","stop":{"line":35,"column":18}},{"start":{"line":35,"column":27},"ann":"{v : [a] | v == fastReverse xs\n           && v == fastReverse' [] xs}","ident":"lq_anf$##7205759403792852293","stop":{"line":35,"column":43}},{"start":{"line":35,"column":40},"ann":"{v : [a] | len v >= 0\n           && v == xs}","ident":"xs","stop":{"line":35,"column":42}},{"start":{"line":36,"column":27},"ann":"[a]","ident":"lq_anf$##7205759403792852296","stop":{"line":36,"column":49}},{"start":{"line":36,"column":28},"ann":"{v : [a] | v == slowReverse xs}","ident":"lq_anf$##7205759403792852294","stop":{"line":36,"column":42}},{"start":{"line":36,"column":40},"ann":"{v : [a] | len v >= 0\n           && v == xs}","ident":"xs","stop":{"line":36,"column":42}},{"start":{"line":36,"column":46},"ann":"{VV : forall a <p :: a a -> Bool>.\n      {v : [a]<\\x3 VV -> {VV : a<p x3> | true}> | len v == 0\n                                                  && v == []} | VV == []}","ident":"_","stop":{"line":36,"column":48}},{"start":{"line":37,"column":27},"ann":"{v : [a] | v == slowReverse xs}","ident":"lq_anf$##7205759403792852297","stop":{"line":37,"column":43}},{"start":{"line":37,"column":40},"ann":"{v : [a] | len v >= 0\n           && v == xs}","ident":"xs","stop":{"line":37,"column":42}},{"start":{"line":38,"column":27},"ann":"(PropositionalEquality.EqT [a])","ident":"lq_anf$##7205759403792852299","stop":{"line":38,"column":51}},{"start":{"line":38,"column":45},"ann":"{VV : forall a <p :: a a -> Bool>.\n      {v : [a]<\\x3 VV -> {VV : a<p x3> | true}> | len v == 0\n                                                  && v == []} | VV == []}","ident":"_","stop":{"line":38,"column":47}},{"start":{"line":38,"column":48},"ann":"{v : [a] | len v >= 0\n           && v == xs}","ident":"xs","stop":{"line":38,"column":50}},{"start":{"line":39,"column":27},"ann":"(PropositionalEquality.EqT [a])","ident":"lq_anf$##7205759403792852301","stop":{"line":39,"column":54}},{"start":{"line":39,"column":37},"ann":"{v : [a] | v == slowReverse xs}","ident":"lq_anf$##7205759403792852300","stop":{"line":39,"column":53}},{"start":{"line":39,"column":50},"ann":"{v : [a] | len v >= 0\n           && v == xs}","ident":"xs","stop":{"line":39,"column":52}},{"start":{"line":43,"column":1},"ann":"forall a .\n(PEqProperties.Reflexivity<[]> [a], PEqProperties.Transitivity<[]> [a]) =>\nx3:[a] -> x4:[a] -> {VV : (PropositionalEquality.EqT [a]) | eqT (fastReverse' x3 x4) (++ (slowReverse x4) x3)}","ident":"Reverse.reverseSameLemma","stop":{"line":43,"column":17}},{"start":{"line":43,"column":18},"ann":"[a]","ident":"rest","stop":{"line":43,"column":22}},{"start":{"line":43,"column":28},"ann":"{v : (PEqProperties.Reflexivity [a]) | v == $dReflexivity_adx2}","ident":"$dReflexivity_adx2","stop":{"line":43,"column":37}},{"start":{"line":43,"column":33},"ann":"{v : [a] | len v >= 0\n           && v == rest}","ident":"rest","stop":{"line":43,"column":37}},{"start":{"line":45,"column":9},"ann":"[a]","ident":"lq_anf$##7205759403792852280","stop":{"line":45,"column":35}},{"start":{"line":45,"column":23},"ann":"{v : [a] | len v >= 0\n           && v == rest}","ident":"rest","stop":{"line":45,"column":27}},{"start":{"line":45,"column":28},"ann":"{v : [a] | tail v == xs\n           && head v == x\n           && lqdc##$select v == xs\n           && lqdc##$select v == x\n           && len v == 1 + len xs\n           && v == : x xs}","ident":"lq_anf$##7205759403792852279","stop":{"line":45,"column":34}},{"start":{"line":45,"column":29},"ann":"{VV : a | VV == x}","ident":"x","stop":{"line":45,"column":30}},{"start":{"line":45,"column":31},"ann":"{v : [a] | len v >= 0\n           && v == xs}","ident":"xs","stop":{"line":45,"column":33}},{"start":{"line":46,"column":9},"ann":"[a]","ident":"lq_anf$##7205759403792852283","stop":{"line":46,"column":37}},{"start":{"line":46,"column":10},"ann":"{v : [a] | v == slowReverse xs}","ident":"lq_anf$##7205759403792852281","stop":{"line":46,"column":24}},{"start":{"line":46,"column":22},"ann":"{v : [a] | len v >= 0\n           && v == xs}","ident":"xs","stop":{"line":46,"column":24}},{"start":{"line":46,"column":28},"ann":"{v : [a] | tail v == rest\n           && head v == x\n           && lqdc##$select v == rest\n           && lqdc##$select v == x\n           && len v == 1 + len rest\n           && v == : x rest}","ident":"lq_anf$##7205759403792852282","stop":{"line":46,"column":36}},{"start":{"line":46,"column":29},"ann":"{VV : a | VV == x}","ident":"x","stop":{"line":46,"column":30}},{"start":{"line":46,"column":31},"ann":"{v : [a] | len v >= 0\n           && v == rest}","ident":"rest","stop":{"line":46,"column":35}},{"start":{"line":47,"column":9},"ann":"[a]","ident":"lq_anf$##7205759403792852286","stop":{"line":47,"column":37}},{"start":{"line":47,"column":10},"ann":"[a]","ident":"lq_anf$##7205759403792852285","stop":{"line":47,"column":28}},{"start":{"line":47,"column":22},"ann":"{v : [a] | tail v == xs\n           && head v == x\n           && lqdc##$select v == xs\n           && lqdc##$select v == x\n           && len v == 1 + len xs\n           && v == : x xs}","ident":"lq_anf$##7205759403792852284","stop":{"line":47,"column":28}},{"start":{"line":47,"column":23},"ann":"{VV : a | VV == x}","ident":"x","stop":{"line":47,"column":24}},{"start":{"line":47,"column":25},"ann":"{v : [a] | len v >= 0\n           && v == xs}","ident":"xs","stop":{"line":47,"column":27}},{"start":{"line":47,"column":32},"ann":"{v : [a] | len v >= 0\n           && v == rest}","ident":"rest","stop":{"line":47,"column":36}},{"start":{"line":48,"column":5},"ann":"(PropositionalEquality.EqT [a])","ident":"lq_anf$##7205759403792852288","stop":{"line":48,"column":35}},{"start":{"line":48,"column":23},"ann":"{v : [a] | tail v == rest\n           && head v == x\n           && lqdc##$select v == rest\n           && lqdc##$select v == x\n           && len v == 1 + len rest\n           && v == : x rest}","ident":"lq_anf$##7205759403792852287","stop":{"line":48,"column":31}},{"start":{"line":48,"column":24},"ann":"{VV : a | VV == x}","ident":"x","stop":{"line":48,"column":25}},{"start":{"line":48,"column":26},"ann":"{v : [a] | len v >= 0\n           && v == rest}","ident":"rest","stop":{"line":48,"column":30}},{"start":{"line":48,"column":32},"ann":"{v : [a] | len v >= 0\n           && v == xs}","ident":"xs","stop":{"line":48,"column":34}},{"start":{"line":49,"column":5},"ann":"(PropositionalEquality.EqT [a])","ident":"lq_anf$##7205759403792852292","stop":{"line":49,"column":39}},{"start":{"line":49,"column":13},"ann":"{v : [a] | v == slowReverse xs}","ident":"lq_anf$##7205759403792852289","stop":{"line":49,"column":29}},{"start":{"line":49,"column":26},"ann":"{v : [a] | len v >= 0\n           && v == xs}","ident":"xs","stop":{"line":49,"column":28}},{"start":{"line":49,"column":30},"ann":"{v : [a] | head v == x\n           && lqdc##$select v == x}","ident":"lq_anf$##7205759403792852291","stop":{"line":49,"column":33}},{"start":{"line":49,"column":31},"ann":"{VV : a | VV == x}","ident":"x","stop":{"line":49,"column":32}},{"start":{"line":49,"column":34},"ann":"{v : [a] | len v >= 0\n           && v == rest}","ident":"rest","stop":{"line":49,"column":38}},{"start":{"line":54,"column":1},"ann":"forall a .\n(PEqProperties.Reflexivity<[]> [a], PEqProperties.Transitivity<[]> [a]) =>\nx3:[a] -> {VV : (PropositionalEquality.EqT [a]) | eqT (++ x3 []) x3}","ident":"Reverse.rightIdP","stop":{"line":54,"column":9}},{"start":{"line":54,"column":19},"ann":"{v : [a] | len v == 0\n           && v == []}","ident":"lq_anf$##7205759403792852261","stop":{"line":54,"column":26}},{"start":{"line":54,"column":24},"ann":"{VV : forall a <p :: a a -> Bool>.\n      {v : [a]<\\x3 VV -> {VV : a<p x3> | true}> | len v == 0\n                                                  && v == []} | VV == []}","ident":"_","stop":{"line":54,"column":26}},{"start":{"line":55,"column":25},"ann":"[a]","ident":"lq_anf$##7205759403792852264","stop":{"line":55,"column":39}},{"start":{"line":55,"column":26},"ann":"{v : [a] | tail v == xs\n           && head v == x\n           && lqdc##$select v == xs\n           && lqdc##$select v == x\n           && len v == 1 + len xs\n           && v == : x xs}","ident":"lq_anf$##7205759403792852262","stop":{"line":55,"column":32}},{"start":{"line":55,"column":27},"ann":"{VV : a | VV == x}","ident":"x","stop":{"line":55,"column":28}},{"start":{"line":55,"column":29},"ann":"{v : [a] | len v >= 0\n           && v == xs}","ident":"xs","stop":{"line":55,"column":31}},{"start":{"line":55,"column":36},"ann":"{VV : forall a <p :: a a -> Bool>.\n      {v : [a]<\\x3 VV -> {VV : a<p x3> | true}> | len v == 0\n                                                  && v == []} | VV == []}","ident":"_","stop":{"line":55,"column":38}},{"start":{"line":56,"column":25},"ann":"[a]","ident":"lq_anf$##7205759403792852267","stop":{"line":56,"column":42}},{"start":{"line":56,"column":31},"ann":"{VV : a | VV == x}","ident":"x","stop":{"line":56,"column":32}},{"start":{"line":56,"column":33},"ann":"[a]","ident":"lq_anf$##7205759403792852266","stop":{"line":56,"column":41}},{"start":{"line":56,"column":34},"ann":"{v : [a] | len v >= 0\n           && v == xs}","ident":"xs","stop":{"line":56,"column":36}},{"start":{"line":56,"column":38},"ann":"{VV : forall a <p :: a a -> Bool>.\n      {v : [a]<\\x3 VV -> {VV : a<p x3> | true}> | len v == 0\n                                                  && v == []} | VV == []}","ident":"_","stop":{"line":56,"column":40}},{"start":{"line":57,"column":25},"ann":"{v : [a] | v == : x xs\n           && v == cons x xs}","ident":"lq_anf$##7205759403792852268","stop":{"line":57,"column":36}},{"start":{"line":57,"column":31},"ann":"{VV : a | VV == x}","ident":"x","stop":{"line":57,"column":32}},{"start":{"line":57,"column":33},"ann":"{v : [a] | len v >= 0\n           && v == xs}","ident":"xs","stop":{"line":57,"column":35}},{"start":{"line":58,"column":25},"ann":"(PropositionalEquality.EqT [a])","ident":"lq_anf$##7205759403792852272","stop":{"line":58,"column":45}},{"start":{"line":58,"column":31},"ann":"{v : [a] | head v == x\n           && lqdc##$select v == x}","ident":"lq_anf$##7205759403792852271","stop":{"line":58,"column":44}},{"start":{"line":58,"column":32},"ann":"{VV : a | VV == x}","ident":"x","stop":{"line":58,"column":33}},{"start":{"line":58,"column":34},"ann":"[a]","ident":"lq_anf$##7205759403792852270","stop":{"line":58,"column":43}},{"start":{"line":58,"column":35},"ann":"{v : [a] | len v >= 0\n           && v == xs}","ident":"xs","stop":{"line":58,"column":37}},{"start":{"line":58,"column":40},"ann":"{VV : forall a <p :: a a -> Bool>.\n      {v : [a]<\\x3 VV -> {VV : a<p x3> | true}> | len v == 0\n                                                  && v == []} | VV == []}","ident":"_","stop":{"line":58,"column":42}},{"start":{"line":59,"column":25},"ann":"(PropositionalEquality.EqT [a])","ident":"lq_anf$##7205759403792852277","stop":{"line":59,"column":73}},{"start":{"line":59,"column":34},"ann":"[a]","ident":"lq_anf$##7205759403792852274","stop":{"line":59,"column":44}},{"start":{"line":59,"column":35},"ann":"{v : [a] | len v >= 0\n           && v == xs}","ident":"xs","stop":{"line":59,"column":37}},{"start":{"line":59,"column":41},"ann":"{VV : forall a <p :: a a -> Bool>.\n      {v : [a]<\\x3 VV -> {VV : a<p x3> | true}> | len v == 0\n                                                  && v == []} | VV == []}","ident":"_","stop":{"line":59,"column":43}},{"start":{"line":59,"column":45},"ann":"{v : [a] | len v >= 0\n           && v == xs}","ident":"xs","stop":{"line":59,"column":49}},{"start":{"line":59,"column":50},"ann":"{v : (PropositionalEquality.EqT [a]) | eqT (++ xs []) xs\n                                       && v == rightIdP xs}","ident":"lq_anf$##7205759403792852275","stop":{"line":59,"column":63}},{"start":{"line":59,"column":60},"ann":"{v : [a] | len v >= 0\n           && v == xs}","ident":"xs","stop":{"line":59,"column":62}},{"start":{"line":59,"column":64},"ann":"x1:[a] -> {v : [a] | v == : x x1\n                     && v == cons x x1}","ident":"lq_anf$##7205759403792852276","stop":{"line":59,"column":72}},{"start":{"line":59,"column":70},"ann":"{VV : a | VV == x}","ident":"x","stop":{"line":59,"column":71}},{"start":{"line":65,"column":1},"ann":"forall a .\n(PEqProperties.Reflexivity<[]> [a], PEqProperties.Transitivity<[]> [a]) =>\nx3:[a] -> x4:[a] -> x5:[a] -> {VV : (PropositionalEquality.EqT [a]) | eqT (++ x3 (++ x4 x5)) (++ (++ x3 x4) x5)}","ident":"Reverse.assocP","stop":{"line":65,"column":7}},{"start":{"line":65,"column":15},"ann":"[a]","ident":"ys","stop":{"line":65,"column":17}},{"start":{"line":65,"column":18},"ann":"[a]","ident":"zs","stop":{"line":65,"column":20}},{"start":{"line":65,"column":23},"ann":"{v : (PEqProperties.Reflexivity [a]) | v == $dReflexivity_advY}","ident":"$dReflexivity_advY","stop":{"line":65,"column":46}},{"start":{"line":65,"column":28},"ann":"[a]","ident":"lq_anf$##7205759403792852239","stop":{"line":65,"column":46}},{"start":{"line":65,"column":29},"ann":"{VV : forall a <p :: a a -> Bool>.\n      {v : [a]<\\x3 VV -> {VV : a<p x3> | true}> | len v == 0\n                                                  && v == []} | VV == []}","ident":"_","stop":{"line":65,"column":31}},{"start":{"line":65,"column":35},"ann":"{v : [a] | v == ++ ys zs}","ident":"lq_anf$##7205759403792852238","stop":{"line":65,"column":45}},{"start":{"line":65,"column":36},"ann":"{v : [a] | len v >= 0\n           && v == ys}","ident":"ys","stop":{"line":65,"column":38}},{"start":{"line":65,"column":42},"ann":"{v : [a] | len v >= 0\n           && v == zs}","ident":"zs","stop":{"line":65,"column":44}},{"start":{"line":66,"column":29},"ann":"[a]","ident":"lq_anf$##7205759403792852242","stop":{"line":66,"column":51}},{"start":{"line":66,"column":30},"ann":"{v : [a] | tail v == xs\n           && head v == x\n           && lqdc##$select v == xs\n           && lqdc##$select v == x\n           && len v == 1 + len xs\n           && v == : x xs}","ident":"lq_anf$##7205759403792852240","stop":{"line":66,"column":36}},{"start":{"line":66,"column":31},"ann":"{VV : a | VV == x}","ident":"x","stop":{"line":66,"column":32}},{"start":{"line":66,"column":33},"ann":"{v : [a] | len v >= 0\n           && v == xs}","ident":"xs","stop":{"line":66,"column":35}},{"start":{"line":66,"column":40},"ann":"{v : [a] | v == ++ ys zs}","ident":"lq_anf$##7205759403792852241","stop":{"line":66,"column":50}},{"start":{"line":66,"column":41},"ann":"{v : [a] | len v >= 0\n           && v == ys}","ident":"ys","stop":{"line":66,"column":43}},{"start":{"line":66,"column":47},"ann":"{v : [a] | len v >= 0\n           && v == zs}","ident":"zs","stop":{"line":66,"column":49}},{"start":{"line":67,"column":29},"ann":"[a]","ident":"lq_anf$##7205759403792852245","stop":{"line":67,"column":56}},{"start":{"line":67,"column":35},"ann":"{VV : a | VV == x}","ident":"x","stop":{"line":67,"column":36}},{"start":{"line":67,"column":37},"ann":"[a]","ident":"lq_anf$##7205759403792852244","stop":{"line":67,"column":55}},{"start":{"line":67,"column":38},"ann":"{v : [a] | len v >= 0\n           && v == xs}","ident":"xs","stop":{"line":67,"column":40}},{"start":{"line":67,"column":44},"ann":"{v : [a] | v == ++ ys zs}","ident":"lq_anf$##7205759403792852243","stop":{"line":67,"column":54}},{"start":{"line":67,"column":45},"ann":"{v : [a] | len v >= 0\n           && v == ys}","ident":"ys","stop":{"line":67,"column":47}},{"start":{"line":67,"column":51},"ann":"{v : [a] | len v >= 0\n           && v == zs}","ident":"zs","stop":{"line":67,"column":53}},{"start":{"line":68,"column":29},"ann":"[a]","ident":"lq_anf$##7205759403792852248","stop":{"line":68,"column":57}},{"start":{"line":68,"column":35},"ann":"{VV : a | VV == x}","ident":"x","stop":{"line":68,"column":36}},{"start":{"line":68,"column":38},"ann":"[a]","ident":"lq_anf$##7205759403792852247","stop":{"line":68,"column":56}},{"start":{"line":68,"column":39},"ann":"{v : [a] | v == ++ xs ys}","ident":"lq_anf$##7205759403792852246","stop":{"line":68,"column":49}},{"start":{"line":68,"column":40},"ann":"{v : [a] | len v >= 0\n           && v == xs}","ident":"xs","stop":{"line":68,"column":42}},{"start":{"line":68,"column":46},"ann":"{v : [a] | len v >= 0\n           && v == ys}","ident":"ys","stop":{"line":68,"column":48}},{"start":{"line":68,"column":53},"ann":"{v : [a] | len v >= 0\n           && v == zs}","ident":"zs","stop":{"line":68,"column":55}},{"start":{"line":69,"column":29},"ann":"(PropositionalEquality.EqT [a])","ident":"lq_anf$##7205759403792852252","stop":{"line":69,"column":58}},{"start":{"line":69,"column":35},"ann":"[a]","ident":"lq_anf$##7205759403792852251","stop":{"line":69,"column":57}},{"start":{"line":69,"column":36},"ann":"{v : [a] | tail v == xs\n           && head v == x\n           && lqdc##$select v == xs\n           && lqdc##$select v == x\n           && len v == 1 + len xs\n           && v == : x xs}","ident":"lq_anf$##7205759403792852249","stop":{"line":69,"column":42}},{"start":{"line":69,"column":37},"ann":"{VV : a | VV == x}","ident":"x","stop":{"line":69,"column":38}},{"start":{"line":69,"column":39},"ann":"{v : [a] | len v >= 0\n           && v == xs}","ident":"xs","stop":{"line":69,"column":41}},{"start":{"line":69,"column":46},"ann":"{v : [a] | v == ++ ys zs}","ident":"lq_anf$##7205759403792852250","stop":{"line":69,"column":56}},{"start":{"line":69,"column":47},"ann":"{v : [a] | len v >= 0\n           && v == ys}","ident":"ys","stop":{"line":69,"column":49}},{"start":{"line":69,"column":53},"ann":"{v : [a] | len v >= 0\n           && v == zs}","ident":"zs","stop":{"line":69,"column":55}},{"start":{"line":70,"column":29},"ann":"(PropositionalEquality.EqT [a])","ident":"lq_anf$##7205759403792852259","stop":{"line":70,"column":105}},{"start":{"line":70,"column":38},"ann":"[a]","ident":"lq_anf$##7205759403792852254","stop":{"line":70,"column":58}},{"start":{"line":70,"column":40},"ann":"{v : [a] | len v >= 0\n           && v == xs}","ident":"xs","stop":{"line":70,"column":42}},{"start":{"line":70,"column":46},"ann":"{v : [a] | v == ++ ys zs}","ident":"lq_anf$##7205759403792852253","stop":{"line":70,"column":56}},{"start":{"line":70,"column":47},"ann":"{v : [a] | len v >= 0\n           && v == ys}","ident":"ys","stop":{"line":70,"column":49}},{"start":{"line":70,"column":53},"ann":"{v : [a] | len v >= 0\n           && v == zs}","ident":"zs","stop":{"line":70,"column":55}},{"start":{"line":70,"column":59},"ann":"[a]","ident":"lq_anf$##7205759403792852256","stop":{"line":70,"column":77}},{"start":{"line":70,"column":60},"ann":"{v : [a] | v == ++ xs ys}","ident":"lq_anf$##7205759403792852255","stop":{"line":70,"column":70}},{"start":{"line":70,"column":61},"ann":"{v : [a] | len v >= 0\n           && v == xs}","ident":"xs","stop":{"line":70,"column":63}},{"start":{"line":70,"column":67},"ann":"{v : [a] | len v >= 0\n           && v == ys}","ident":"ys","stop":{"line":70,"column":69}},{"start":{"line":70,"column":74},"ann":"{v : [a] | len v >= 0\n           && v == zs}","ident":"zs","stop":{"line":70,"column":76}},{"start":{"line":70,"column":78},"ann":"{v : (PropositionalEquality.EqT [a]) | eqT (++ xs (++ ys zs)) (++ (++ xs ys) zs)\n                                       && v == assocP xs ys zs}","ident":"lq_anf$##7205759403792852257","stop":{"line":70,"column":95}},{"start":{"line":70,"column":86},"ann":"{v : [a] | len v >= 0\n           && v == xs}","ident":"xs","stop":{"line":70,"column":88}},{"start":{"line":70,"column":89},"ann":"{v : [a] | len v >= 0\n           && v == ys}","ident":"ys","stop":{"line":70,"column":91}},{"start":{"line":70,"column":92},"ann":"{v : [a] | len v >= 0\n           && v == zs}","ident":"zs","stop":{"line":70,"column":94}},{"start":{"line":70,"column":96},"ann":"x1:[a] -> {v : [a] | v == : x x1\n                     && v == cons x x1}","ident":"lq_anf$##7205759403792852258","stop":{"line":70,"column":104}},{"start":{"line":70,"column":102},"ann":"{VV : a | VV == x}","ident":"x","stop":{"line":70,"column":103}},{"start":{"line":76,"column":1},"ann":"forall a . x1:a -> x2:[a] -> {v : [a] | v == : x1 x2}","ident":"Reverse.cons","stop":{"line":76,"column":5}},{"start":{"line":76,"column":6},"ann":"a","ident":"x","stop":{"line":76,"column":7}},{"start":{"line":76,"column":8},"ann":"[a]","ident":"xs","stop":{"line":76,"column":10}},{"start":{"line":76,"column":13},"ann":"{VV : a | VV == x}","ident":"x","stop":{"line":76,"column":14}},{"start":{"line":76,"column":15},"ann":"{v : [a] | len v >= 0\n           && v == xs}","ident":"xs","stop":{"line":76,"column":17}},{"start":{"line":80,"column":1},"ann":"forall a . x1:a -> x2:[a] -> {VV : () | cons x1 x2 == : x1 x2}","ident":"Reverse.consP","stop":{"line":80,"column":6}},{"start":{"line":80,"column":7},"ann":"a","ident":"x","stop":{"line":80,"column":8}},{"start":{"line":80,"column":9},"ann":"[a]","ident":"xs","stop":{"line":80,"column":11}},{"start":{"line":80,"column":14},"ann":"{v : [a] | v == : x xs\n           && v == cons x xs}","ident":"lq_anf$##7205759403792852175","stop":{"line":80,"column":23}},{"start":{"line":80,"column":19},"ann":"{VV : a | VV == x}","ident":"x","stop":{"line":80,"column":20}},{"start":{"line":80,"column":21},"ann":"{v : [a] | len v >= 0\n           && v == xs}","ident":"xs","stop":{"line":80,"column":23}},{"start":{"line":80,"column":28},"ann":"{v : Language.Haskell.Liquid.ProofCombinators.QED | v == QED}","ident":"Language.Haskell.Liquid.ProofCombinators.QED","stop":{"line":80,"column":31}},{"start":{"line":85,"column":1},"ann":"forall a .\n(PropositionalEquality.AEq<[]> [a]) =>\n{VV : (PropositionalEquality.EqT [a] -> [a]) | eqT fastReverse slowReverse}","ident":"Reverse.reverseOneSwoopEq","stop":{"line":85,"column":18}},{"start":{"line":85,"column":21},"ann":"x1:([a] -> (PropositionalEquality.EqT [a])) -> {v : (PropositionalEquality.EqT [a] -> [a]) | lqdc##$select v == x1}","ident":"lq_anf$##7205759403792852218","stop":{"line":85,"column":50}},{"start":{"line":85,"column":27},"ann":"{VV : forall a .\n      x1:[a] -> {v : [a] | v == fastReverse x1\n                           && v == fastReverse' [] x1} | VV == fastReverse}","ident":"_","stop":{"line":85,"column":38}},{"start":{"line":85,"column":39},"ann":"forall a . x1:[a] -> {VV : [a] | VV == slowReverse x1}","ident":"Reverse.slowReverse","stop":{"line":85,"column":50}},{"start":{"line":85,"column":54},"ann":"[a]","ident":"xs","stop":{"line":85,"column":56}},{"start":{"line":86,"column":9},"ann":"{v : [a] | v == fastReverse xs\n           && v == fastReverse' [] xs}","ident":"lq_anf$##7205759403792852219","stop":{"line":86,"column":25}},{"start":{"line":86,"column":22},"ann":"{v : [a] | len v >= 0\n           && v == xs}","ident":"xs","stop":{"line":86,"column":24}},{"start":{"line":86,"column":26},"ann":"{v : [a] | v == slowReverse xs}","ident":"lq_anf$##7205759403792852220","stop":{"line":86,"column":42}},{"start":{"line":86,"column":39},"ann":"{v : [a] | len v >= 0\n           && v == xs}","ident":"xs","stop":{"line":86,"column":41}},{"start":{"line":86,"column":43},"ann":"()","ident":"lq_anf$##7205759403792852224","stop":{"line":86,"column":82}},{"start":{"line":86,"column":44},"ann":"{v : () | fastReverse xs == slowReverse xs\n          && v == reverseEq xs}","ident":"lq_anf$##7205759403792852221","stop":{"line":86,"column":56}},{"start":{"line":86,"column":54},"ann":"{v : [a] | len v >= 0\n           && v == xs}","ident":"xs","stop":{"line":86,"column":56}},{"start":{"line":86,"column":59},"ann":"()","ident":"lq_anf$##7205759403792852223","stop":{"line":86,"column":81}},{"start":{"line":86,"column":65},"ann":"{v : [a] | v == fastReverse xs\n           && v == fastReverse' [] xs}","ident":"lq_anf$##7205759403792852222","stop":{"line":86,"column":81}},{"start":{"line":86,"column":78},"ann":"{v : [a] | len v >= 0\n           && v == xs}","ident":"xs","stop":{"line":86,"column":80}},{"start":{"line":90,"column":1},"ann":"forall a .\n(PropositionalEquality.AEq<[]> [a]) =>\nx2:[a] -> {VV : (PropositionalEquality.EqT [a]) | eqT (fastReverse x2) (slowReverse x2)}","ident":"Reverse.reverseTEq","stop":{"line":90,"column":11}},{"start":{"line":90,"column":12},"ann":"[a]","ident":"xs","stop":{"line":90,"column":14}},{"start":{"line":90,"column":23},"ann":"{v : [a] | v == fastReverse xs\n           && v == fastReverse' [] xs}","ident":"lq_anf$##7205759403792852210","stop":{"line":90,"column":39}},{"start":{"line":90,"column":36},"ann":"{v : [a] | len v >= 0\n           && v == xs}","ident":"xs","stop":{"line":90,"column":38}},{"start":{"line":90,"column":40},"ann":"{v : [a] | v == slowReverse xs}","ident":"lq_anf$##7205759403792852211","stop":{"line":90,"column":56}},{"start":{"line":90,"column":53},"ann":"{v : [a] | len v >= 0\n           && v == xs}","ident":"xs","stop":{"line":90,"column":55}},{"start":{"line":90,"column":57},"ann":"()","ident":"lq_anf$##7205759403792852215","stop":{"line":90,"column":96}},{"start":{"line":90,"column":58},"ann":"{v : () | fastReverse xs == slowReverse xs\n          && v == reverseEq xs}","ident":"lq_anf$##7205759403792852212","stop":{"line":90,"column":70}},{"start":{"line":90,"column":68},"ann":"{v : [a] | len v >= 0\n           && v == xs}","ident":"xs","stop":{"line":90,"column":70}},{"start":{"line":90,"column":73},"ann":"()","ident":"lq_anf$##7205759403792852214","stop":{"line":90,"column":95}},{"start":{"line":90,"column":79},"ann":"{v : [a] | v == fastReverse xs\n           && v == fastReverse' [] xs}","ident":"lq_anf$##7205759403792852213","stop":{"line":90,"column":95}},{"start":{"line":90,"column":92},"ann":"{v : [a] | len v >= 0\n           && v == xs}","ident":"xs","stop":{"line":90,"column":94}},{"start":{"line":94,"column":1},"ann":"forall a . x1:[a] -> {VV : () | fastReverse x1 == slowReverse x1}","ident":"Reverse.reverseEq","stop":{"line":94,"column":10}},{"start":{"line":94,"column":11},"ann":"[a]","ident":"xs","stop":{"line":94,"column":13}},{"start":{"line":95,"column":9},"ann":"()","ident":"lq_anf$##7205759403792852207","stop":{"line":95,"column":20}},{"start":{"line":95,"column":15},"ann":"{v : [a] | len v >= 0\n           && v == xs}","ident":"xs","stop":{"line":95,"column":17}},{"start":{"line":95,"column":18},"ann":"{VV : forall a <p :: a a -> Bool>.\n      {v : [a]<\\x3 VV -> {VV : a<p x3> | true}> | len v == 0\n                                                  && v == []} | VV == []}","ident":"_","stop":{"line":95,"column":20}},{"start":{"line":96,"column":9},"ann":"()","ident":"lq_anf$##7205759403792852209","stop":{"line":96,"column":33}},{"start":{"line":96,"column":17},"ann":"{v : [a] | v == slowReverse xs}","ident":"lq_anf$##7205759403792852208","stop":{"line":96,"column":33}},{"start":{"line":96,"column":30},"ann":"{v : [a] | len v >= 0\n           && v == xs}","ident":"xs","stop":{"line":96,"column":32}},{"start":{"line":100,"column":1},"ann":"forall a . x1:[a] -> {VV : () | fastReverse x1 == slowReverse x1}","ident":"Reverse.reverseNoEq","stop":{"line":100,"column":12}},{"start":{"line":100,"column":13},"ann":"[a]","ident":"xs","stop":{"line":100,"column":15}},{"start":{"line":101,"column":5},"ann":"{v : [a] | v == fastReverse xs\n           && v == fastReverse' [] xs}","ident":"lq_anf$##7205759403792852194","stop":{"line":101,"column":19}},{"start":{"line":101,"column":17},"ann":"{v : [a] | len v >= 0\n           && v == xs}","ident":"xs","stop":{"line":101,"column":19}},{"start":{"line":102,"column":5},"ann":"[a]","ident":"lq_anf$##7205759403792852196","stop":{"line":102,"column":23}},{"start":{"line":102,"column":18},"ann":"{VV : forall a <p :: a a -> Bool>.\n      {v : [a]<\\x3 VV -> {VV : a<p x3> | true}> | len v == 0\n                                                  && v == []} | VV == []}","ident":"_","stop":{"line":102,"column":20}},{"start":{"line":102,"column":21},"ann":"{v : [a] | len v >= 0\n           && v == xs}","ident":"xs","stop":{"line":102,"column":23}},{"start":{"line":103,"column":9},"ann":"()","ident":"lq_anf$##7205759403792852199","stop":{"line":103,"column":20}},{"start":{"line":103,"column":15},"ann":"{v : [a] | len v >= 0\n           && v == xs}","ident":"xs","stop":{"line":103,"column":17}},{"start":{"line":103,"column":18},"ann":"{VV : forall a <p :: a a -> Bool>.\n      {v : [a]<\\x3 VV -> {VV : a<p x3> | true}> | len v == 0\n                                                  && v == []} | VV == []}","ident":"_","stop":{"line":103,"column":20}},{"start":{"line":104,"column":9},"ann":"()","ident":"lq_anf$##7205759403792852202","stop":{"line":104,"column":33}},{"start":{"line":104,"column":17},"ann":"{v : [a] | v == slowReverse xs}","ident":"lq_anf$##7205759403792852201","stop":{"line":104,"column":33}},{"start":{"line":104,"column":30},"ann":"{v : [a] | len v >= 0\n           && v == xs}","ident":"xs","stop":{"line":104,"column":32}},{"start":{"line":105,"column":5},"ann":"{v : [a] | v == slowReverse xs}","ident":"lq_anf$##7205759403792852204","stop":{"line":105,"column":19}},{"start":{"line":105,"column":17},"ann":"{v : [a] | len v >= 0\n           && v == xs}","ident":"xs","stop":{"line":105,"column":19}},{"start":{"line":106,"column":7},"ann":"{v : Language.Haskell.Liquid.ProofCombinators.QED | v == QED}","ident":"Language.Haskell.Liquid.ProofCombinators.QED","stop":{"line":106,"column":10}},{"start":{"line":154,"column":1},"ann":"forall a .\nx1:[a] -> x2:[a] -> {VV : () | fastReverse' x2 x1 == ++ (slowReverse x1) x2}","ident":"Reverse.lemma","stop":{"line":154,"column":6}},{"start":{"line":154,"column":15},"ann":"{v : () | v == ()}","ident":"GHC.Tuple.()","stop":{"line":154,"column":17}},{"start":{"line":156,"column":5},"ann":"()","ident":"lq_anf$##7205759403792852189","stop":{"line":156,"column":20}},{"start":{"line":156,"column":11},"ann":"{v : [a] | len v >= 0\n           && v == xs}","ident":"xs","stop":{"line":156,"column":13}},{"start":{"line":156,"column":14},"ann":"{v : [a] | head v == x\n           && lqdc##$select v == x}","ident":"lq_anf$##7205759403792852188","stop":{"line":156,"column":20}},{"start":{"line":156,"column":15},"ann":"{VV : a | VV == x}","ident":"x","stop":{"line":156,"column":16}},{"start":{"line":156,"column":17},"ann":"{v : [a] | len v >= 0}","ident":"ds_ddzc","stop":{"line":156,"column":19}},{"start":{"line":157,"column":5},"ann":"()","ident":"lq_anf$##7205759403792852193","stop":{"line":157,"column":34}},{"start":{"line":157,"column":11},"ann":"{v : [a] | v == slowReverse xs}","ident":"lq_anf$##7205759403792852190","stop":{"line":157,"column":27}},{"start":{"line":157,"column":24},"ann":"{v : [a] | len v >= 0\n           && v == xs}","ident":"xs","stop":{"line":157,"column":26}},{"start":{"line":157,"column":28},"ann":"{v : [a] | head v == x\n           && lqdc##$select v == x}","ident":"lq_anf$##7205759403792852192","stop":{"line":157,"column":31}},{"start":{"line":157,"column":29},"ann":"{VV : a | VV == x}","ident":"x","stop":{"line":157,"column":30}},{"start":{"line":157,"column":32},"ann":"{v : [a] | len v >= 0}","ident":"ds_ddzc","stop":{"line":157,"column":34}},{"start":{"line":161,"column":1},"ann":"forall a . x1:[a] -> {VV : () | ++ x1 [] == x1}","ident":"Reverse.rightId","stop":{"line":161,"column":8}},{"start":{"line":161,"column":18},"ann":"{v : () | v == ()}","ident":"GHC.Tuple.()","stop":{"line":161,"column":20}},{"start":{"line":162,"column":18},"ann":"forall a . x1:[a] -> {VV : () | ++ x1 [] == x1}","ident":"Reverse.rightId","stop":{"line":162,"column":28}},{"start":{"line":162,"column":26},"ann":"{v : [a] | len v >= 0\n           && v == xs}","ident":"xs","stop":{"line":162,"column":28}},{"start":{"line":167,"column":1},"ann":"forall a .\nx1:[a] -> x2:[a] -> x3:[a] -> {VV : () | ++ (++ x1 x2) x3 == ++ x1 (++ x2 x3)}","ident":"Reverse.assoc","stop":{"line":167,"column":6}},{"start":{"line":167,"column":22},"ann":"{v : () | v == ()}","ident":"GHC.Tuple.()","stop":{"line":167,"column":24}},{"start":{"line":168,"column":22},"ann":"forall a .\nx1:[a] -> x2:[a] -> x3:[a] -> {VV : () | ++ (++ x1 x2) x3 == ++ x1 (++ x2 x3)}","ident":"Reverse.assoc","stop":{"line":168,"column":36}},{"start":{"line":168,"column":28},"ann":"{v : [a] | len v >= 0\n           && v == xs}","ident":"xs","stop":{"line":168,"column":30}},{"start":{"line":168,"column":31},"ann":"{v : [a] | len v >= 0}","ident":"ds_ddyI","stop":{"line":168,"column":33}},{"start":{"line":168,"column":34},"ann":"{v : [a] | len v >= 0}","ident":"ds_ddyJ","stop":{"line":168,"column":36}},{"start":{"line":176,"column":1},"ann":"forall a .\nx1:[a] -> {VV : [a] | VV == fastReverse x1\n                      && VV == fastReverse' [] x1}","ident":"Reverse.fastReverse","stop":{"line":176,"column":12}},{"start":{"line":176,"column":13},"ann":"[a]","ident":"xs","stop":{"line":176,"column":15}},{"start":{"line":176,"column":31},"ann":"{VV : forall a <p :: a a -> Bool>.\n      {v : [a]<\\x3 VV -> {VV : a<p x3> | true}> | len v == 0\n                                                  && v == []} | VV == []}","ident":"_","stop":{"line":176,"column":33}},{"start":{"line":176,"column":34},"ann":"{v : [a] | len v >= 0\n           && v == xs}","ident":"xs","stop":{"line":176,"column":36}},{"start":{"line":180,"column":1},"ann":"forall a .\nx1:[a] -> x2:[a] -> {VV : [a] | VV == fastReverse' x1 x2}","ident":"Reverse.fastReverse'","stop":{"line":180,"column":13}},{"start":{"line":180,"column":14},"ann":"[a]","ident":"acc","stop":{"line":180,"column":17}},{"start":{"line":180,"column":23},"ann":"{v : [a] | len v >= 0\n           && v == acc}","ident":"acc","stop":{"line":180,"column":26}},{"start":{"line":181,"column":27},"ann":"forall a .\nx1:[a] -> x2:[a] -> {VV : [a] | VV == fastReverse' x1 x2}","ident":"Reverse.fastReverse'","stop":{"line":181,"column":50}},{"start":{"line":181,"column":40},"ann":"{v : [a] | tail v == acc\n           && head v == x\n           && lqdc##$select v == acc\n           && lqdc##$select v == x\n           && len v == 1 + len acc\n           && v == : x acc}","ident":"lq_anf$##7205759403792852179","stop":{"line":181,"column":47}},{"start":{"line":181,"column":41},"ann":"{VV : a | VV == x}","ident":"x","stop":{"line":181,"column":42}},{"start":{"line":181,"column":43},"ann":"{v : [a] | len v >= 0\n           && v == acc}","ident":"acc","stop":{"line":181,"column":46}},{"start":{"line":181,"column":48},"ann":"{v : [a] | len v >= 0\n           && v == xs}","ident":"xs","stop":{"line":181,"column":50}},{"start":{"line":185,"column":1},"ann":"forall a . x1:[a] -> {VV : [a] | VV == slowReverse x1}","ident":"Reverse.slowReverse","stop":{"line":185,"column":12}},{"start":{"line":185,"column":22},"ann":"{VV : forall a <p :: a a -> Bool>.\n      {v : [a]<\\x3 VV -> {VV : a<p x3> | true}> | len v == 0\n                                                  && v == []} | VV == []}","ident":"_","stop":{"line":185,"column":24}},{"start":{"line":186,"column":22},"ann":"{v : [a] | v == slowReverse xs}","ident":"lq_anf$##7205759403792852184","stop":{"line":186,"column":36}},{"start":{"line":186,"column":34},"ann":"{v : [a] | len v >= 0\n           && v == xs}","ident":"xs","stop":{"line":186,"column":36}},{"start":{"line":186,"column":40},"ann":"{v : [a] | head v == x\n           && lqdc##$select v == x}","ident":"lq_anf$##7205759403792852186","stop":{"line":186,"column":43}},{"start":{"line":186,"column":41},"ann":"{VV : a | VV == x}","ident":"x","stop":{"line":186,"column":42}},{"start":{"line":190,"column":1},"ann":"forall a .\nx1:[a] -> {VV : [a] | VV == badReverse x1\n                      && VV == x1}","ident":"Reverse.badReverse","stop":{"line":190,"column":11}},{"start":{"line":190,"column":12},"ann":"[a]","ident":"xs","stop":{"line":190,"column":14}},{"start":{"line":194,"column":8},"ann":"forall a . x1:[a] -> x2:[a] -> {VV : [a] | VV == ++ x1 x2}","ident":"Reverse.++","stop":{"line":194,"column":10}},{"start":{"line":194,"column":11},"ann":"[a]","ident":"ys","stop":{"line":194,"column":13}},{"start":{"line":194,"column":16},"ann":"{v : [a] | len v >= 0\n           && v == ys}","ident":"ys","stop":{"line":194,"column":18}},{"start":{"line":195,"column":16},"ann":"{VV : a | VV == x}","ident":"x","stop":{"line":195,"column":17}},{"start":{"line":195,"column":18},"ann":"{v : [a] | v == ++ xs ys}","ident":"lq_anf$##7205759403792852182","stop":{"line":195,"column":28}},{"start":{"line":195,"column":19},"ann":"{v : [a] | len v >= 0\n           && v == xs}","ident":"xs","stop":{"line":195,"column":21}},{"start":{"line":195,"column":25},"ann":"{v : [a] | len v >= 0\n           && v == ys}","ident":"ys","stop":{"line":195,"column":27}}],"errors":[]}