{"status":"safe","types":{"28":{"51":{"ann":"GHC.Types.Bool","ident":"lq_anf$##7205759403792807669","row":28,"col":51},"37":{"ann":"{v : (PropositionalEquality.EqT a -> GHC.Types.Bool) | eqT fastSpec slowSpec\n                                                       && v == p}","ident":"p","row":28,"col":37},"7":{"ann":"a","ident":"x","row":28,"col":7},"78":{"ann":"{VV : forall a .\n      x1:a -> {v : GHC.Types.Bool | v == slowSpec x1\n                                    && v == true} | VV == slowSpec}","ident":"_","row":28,"col":78},"28":{"ann":"{VV : forall a .\n      x1:a -> {v : GHC.Types.Bool | v == slowSpec x1\n                                    && v == true} | VV == slowSpec}","ident":"_","row":28,"col":28},"57":{"ann":"{VV : a | VV == x}","ident":"x","row":28,"col":57},"13":{"ann":"{v : (PropositionalEquality.EqT GHC.Types.Bool) | lqdc##$select v == p}","ident":"lq_anf$##7205759403792807667","row":28,"col":13},"19":{"ann":"{VV : forall a .\n      x1:a -> {v : GHC.Types.Bool | v == fastSpec x1\n                                    && v == true} | VV == fastSpec}","ident":"_","row":28,"col":19},"1":{"ann":"forall a .\nx1:a -> {VV : (PropositionalEquality.EqT (a -> GHC.Types.Bool)) | eqT fastSpec slowSpec} -> {VV : (PropositionalEquality.EqT GHC.Types.Bool) | eqT (fastSpec x1) (slowSpec x1)}","ident":"RunTimeCheck.unExt","row":28,"col":1},"59":{"ann":"{VV : forall a .\n      x1:a -> {v : GHC.Types.Bool | v == fastSpec x1\n                                    && v == true} | VV == fastSpec}","ident":"_","row":28,"col":59},"70":{"ann":"GHC.Types.Bool","ident":"lq_anf$##7205759403792807672","row":28,"col":70},"39":{"ann":"x1:(a -> GHC.Types.Bool) -> {v : GHC.Types.Bool | v == flip' x x1\n                                                  && v == x1 x}","ident":"lq_anf$##7205759403792807666","row":28,"col":39},"46":{"ann":"{VV : a | VV == x}","ident":"x","row":28,"col":46},"9":{"ann":"{VV : (PropositionalEquality.EqT a -> GHC.Types.Bool) | eqT fastSpec slowSpec}","ident":"p","row":28,"col":9},"76":{"ann":"{VV : a | VV == x}","ident":"x","row":28,"col":76}},"22":{"15":{"ann":"{v : GHC.Types.Bool | v == fastSpec x\n                      && v == true}","ident":"lq_anf$##7205759403792807676","row":22,"col":15},"28":{"ann":"()","ident":"lq_anf$##7205759403792807680","row":22,"col":28},"57":{"ann":"{VV : a | VV == x}","ident":"x","row":22,"col":57},"44":{"ann":"{VV : a | VV == x}","ident":"x","row":22,"col":44},"67":{"ann":"{VV : a | VV == x}","ident":"x","row":22,"col":67},"1":{"ann":"forall a .\n{VV : (PropositionalEquality.EqT (a -> GHC.Types.Bool)) | eqT fastSpec slowSpec} -> a -> (GHC.Maybe.Maybe a)","ident":"RunTimeCheck.bar","row":22,"col":1},"34":{"ann":"{v : GHC.Types.Bool | v == fastSpec x\n                      && v == true}","ident":"lq_anf$##7205759403792807677","row":22,"col":34},"69":{"ann":"{v : (PropositionalEquality.EqT a -> GHC.Types.Bool) | v == pf}","ident":"pf","row":22,"col":69},"5":{"ann":"(PropositionalEquality.EqT a -> GHC.Types.Bool)","ident":"pf","row":22,"col":5},"8":{"ann":"a","ident":"x","row":22,"col":8},"47":{"ann":"{v : GHC.Types.Bool | v == slowSpec x\n                      && v == true}","ident":"lq_anf$##7205759403792807678","row":22,"col":47},"24":{"ann":"{VV : a | VV == x}","ident":"x","row":22,"col":24},"60":{"ann":"{v : (PropositionalEquality.EqT GHC.Types.Bool) | eqT (fastSpec x) (slowSpec x)\n                                                  && v == unExt x pf}","ident":"lq_anf$##7205759403792807679","row":22,"col":60}},"1":{"1":{"ann":"GHC.Types.Module","ident":"RunTimeCheck.$trModule","row":1,"col":1}},"23":{"23":{"ann":"{VV : a | VV == critical x}","ident":"lq_anf$##7205759403792807683","row":23,"col":23},"18":{"ann":"{VV : forall a .\n      x1:a -> {v : (GHC.Maybe.Maybe a) | (isJust v <=> true)\n                                         && fromJust v == x1\n                                         && v == Just x1} | VV == Just}","ident":"GHC.Maybe.Just","row":23,"col":18},"33":{"ann":"{VV : a | VV == x}","ident":"x","row":23,"col":33}},"18":{"1":{"ann":"forall a . {VV : a | slowSpec VV} -> a","ident":"RunTimeCheck.critical","row":18,"col":1},"10":{"ann":"{VV : a | slowSpec VV}","ident":"x","row":18,"col":10}},"34":{"15":{"ann":"{VV : a | VV == x}","ident":"x","row":34,"col":15},"7":{"ann":"a","ident":"x","row":34,"col":7},"1":{"ann":"forall a b .\nx1:a -> x2:(a -> b) -> {VV : b | VV == flip' x1 x2\n                                 && VV == x2 x1}","ident":"RunTimeCheck.flip'","row":34,"col":1},"9":{"ann":"a -> b","ident":"f","row":34,"col":9}},"38":{"1":{"ann":"forall a .\nx1:a -> {VV : GHC.Types.Bool | VV == fastSpec x1\n                               && VV == true}","ident":"RunTimeCheck.fastSpec","row":38,"col":1}},"24":{"18":{"ann":"{VV : forall a .\n      {v : (GHC.Maybe.Maybe a) | (isJust v <=> false)\n                                 && v == Nothing} | VV == Nothing}","ident":"_","row":24,"col":18}},"42":{"1":{"ann":"forall a .\nx1:a -> {VV : GHC.Types.Bool | VV == slowSpec x1\n                               && VV == true}","ident":"RunTimeCheck.slowSpec","row":42,"col":1}}},"sptypes":[{"start":{"line":1,"column":1},"ann":"GHC.Types.Module","ident":"RunTimeCheck.$trModule","stop":{"line":1,"column":1}},{"start":{"line":18,"column":1},"ann":"forall a . {VV : a | slowSpec VV} -> a","ident":"RunTimeCheck.critical","stop":{"line":18,"column":9}},{"start":{"line":18,"column":10},"ann":"{VV : a | slowSpec VV}","ident":"x","stop":{"line":18,"column":11}},{"start":{"line":22,"column":1},"ann":"forall a .\n{VV : (PropositionalEquality.EqT (a -> GHC.Types.Bool)) | eqT fastSpec slowSpec} -> a -> (GHC.Maybe.Maybe a)","ident":"RunTimeCheck.bar","stop":{"line":22,"column":4}},{"start":{"line":22,"column":5},"ann":"(PropositionalEquality.EqT a -> GHC.Types.Bool)","ident":"pf","stop":{"line":22,"column":7}},{"start":{"line":22,"column":8},"ann":"a","ident":"x","stop":{"line":22,"column":9}},{"start":{"line":22,"column":15},"ann":"{v : GHC.Types.Bool | v == fastSpec x\n                      && v == true}","ident":"lq_anf$##7205759403792807676","stop":{"line":22,"column":25}},{"start":{"line":22,"column":24},"ann":"{VV : a | VV == x}","ident":"x","stop":{"line":22,"column":25}},{"start":{"line":22,"column":28},"ann":"()","ident":"lq_anf$##7205759403792807680","stop":{"line":22,"column":72}},{"start":{"line":22,"column":34},"ann":"{v : GHC.Types.Bool | v == fastSpec x\n                      && v == true}","ident":"lq_anf$##7205759403792807677","stop":{"line":22,"column":46}},{"start":{"line":22,"column":44},"ann":"{VV : a | VV == x}","ident":"x","stop":{"line":22,"column":45}},{"start":{"line":22,"column":47},"ann":"{v : GHC.Types.Bool | v == slowSpec x\n                      && v == true}","ident":"lq_anf$##7205759403792807678","stop":{"line":22,"column":59}},{"start":{"line":22,"column":57},"ann":"{VV : a | VV == x}","ident":"x","stop":{"line":22,"column":58}},{"start":{"line":22,"column":60},"ann":"{v : (PropositionalEquality.EqT GHC.Types.Bool) | eqT (fastSpec x) (slowSpec x)\n                                                  && v == unExt x pf}","ident":"lq_anf$##7205759403792807679","stop":{"line":22,"column":72}},{"start":{"line":22,"column":67},"ann":"{VV : a | VV == x}","ident":"x","stop":{"line":22,"column":68}},{"start":{"line":22,"column":69},"ann":"{v : (PropositionalEquality.EqT a -> GHC.Types.Bool) | v == pf}","ident":"pf","stop":{"line":22,"column":71}},{"start":{"line":23,"column":18},"ann":"{VV : forall a .\n      x1:a -> {v : (GHC.Maybe.Maybe a) | (isJust v <=> true)\n                                         && fromJust v == x1\n                                         && v == Just x1} | VV == Just}","ident":"GHC.Maybe.Just","stop":{"line":23,"column":35}},{"start":{"line":23,"column":23},"ann":"{VV : a | VV == critical x}","ident":"lq_anf$##7205759403792807683","stop":{"line":23,"column":35}},{"start":{"line":23,"column":33},"ann":"{VV : a | VV == x}","ident":"x","stop":{"line":23,"column":34}},{"start":{"line":24,"column":18},"ann":"{VV : forall a .\n      {v : (GHC.Maybe.Maybe a) | (isJust v <=> false)\n                                 && v == Nothing} | VV == Nothing}","ident":"_","stop":{"line":24,"column":25}},{"start":{"line":28,"column":1},"ann":"forall a .\nx1:a -> {VV : (PropositionalEquality.EqT (a -> GHC.Types.Bool)) | eqT fastSpec slowSpec} -> {VV : (PropositionalEquality.EqT GHC.Types.Bool) | eqT (fastSpec x1) (slowSpec x1)}","ident":"RunTimeCheck.unExt","stop":{"line":28,"column":6}},{"start":{"line":28,"column":7},"ann":"a","ident":"x","stop":{"line":28,"column":8}},{"start":{"line":28,"column":9},"ann":"{VV : (PropositionalEquality.EqT a -> GHC.Types.Bool) | eqT fastSpec slowSpec}","ident":"p","stop":{"line":28,"column":10}},{"start":{"line":28,"column":13},"ann":"{v : (PropositionalEquality.EqT GHC.Types.Bool) | lqdc##$select v == p}","ident":"lq_anf$##7205759403792807667","stop":{"line":28,"column":48}},{"start":{"line":28,"column":19},"ann":"{VV : forall a .\n      x1:a -> {v : GHC.Types.Bool | v == fastSpec x1\n                                    && v == true} | VV == fastSpec}","ident":"_","stop":{"line":28,"column":27}},{"start":{"line":28,"column":28},"ann":"{VV : forall a .\n      x1:a -> {v : GHC.Types.Bool | v == slowSpec x1\n                                    && v == true} | VV == slowSpec}","ident":"_","stop":{"line":28,"column":36}},{"start":{"line":28,"column":37},"ann":"{v : (PropositionalEquality.EqT a -> GHC.Types.Bool) | eqT fastSpec slowSpec\n                                                       && v == p}","ident":"p","stop":{"line":28,"column":38}},{"start":{"line":28,"column":39},"ann":"x1:(a -> GHC.Types.Bool) -> {v : GHC.Types.Bool | v == flip' x x1\n                                                  && v == x1 x}","ident":"lq_anf$##7205759403792807666","stop":{"line":28,"column":48}},{"start":{"line":28,"column":46},"ann":"{VV : a | VV == x}","ident":"x","stop":{"line":28,"column":47}},{"start":{"line":28,"column":51},"ann":"GHC.Types.Bool","ident":"lq_anf$##7205759403792807669","stop":{"line":28,"column":67}},{"start":{"line":28,"column":57},"ann":"{VV : a | VV == x}","ident":"x","stop":{"line":28,"column":58}},{"start":{"line":28,"column":59},"ann":"{VV : forall a .\n      x1:a -> {v : GHC.Types.Bool | v == fastSpec x1\n                                    && v == true} | VV == fastSpec}","ident":"_","stop":{"line":28,"column":67}},{"start":{"line":28,"column":70},"ann":"GHC.Types.Bool","ident":"lq_anf$##7205759403792807672","stop":{"line":28,"column":86}},{"start":{"line":28,"column":76},"ann":"{VV : a | VV == x}","ident":"x","stop":{"line":28,"column":77}},{"start":{"line":28,"column":78},"ann":"{VV : forall a .\n      x1:a -> {v : GHC.Types.Bool | v == slowSpec x1\n                                    && v == true} | VV == slowSpec}","ident":"_","stop":{"line":28,"column":86}},{"start":{"line":34,"column":1},"ann":"forall a b .\nx1:a -> x2:(a -> b) -> {VV : b | VV == flip' x1 x2\n                                 && VV == x2 x1}","ident":"RunTimeCheck.flip'","stop":{"line":34,"column":6}},{"start":{"line":34,"column":7},"ann":"a","ident":"x","stop":{"line":34,"column":8}},{"start":{"line":34,"column":9},"ann":"a -> b","ident":"f","stop":{"line":34,"column":10}},{"start":{"line":34,"column":15},"ann":"{VV : a | VV == x}","ident":"x","stop":{"line":34,"column":16}},{"start":{"line":38,"column":1},"ann":"forall a .\nx1:a -> {VV : GHC.Types.Bool | VV == fastSpec x1\n                               && VV == true}","ident":"RunTimeCheck.fastSpec","stop":{"line":38,"column":9}},{"start":{"line":42,"column":1},"ann":"forall a .\nx1:a -> {VV : GHC.Types.Bool | VV == slowSpec x1\n                               && VV == true}","ident":"RunTimeCheck.slowSpec","stop":{"line":42,"column":9}}],"errors":[]}