{"status":"safe","types":{"15":{"1":{"ann":"GHC.Types.Int -> ()","ident":"Unsoundness.evidH","row":15,"col":1}},"7":{"1":{"ann":"forall a . (a -> {VV : () | false}) -> {VV : () | false}","ident":"Unsoundness.hab","row":7,"col":1}},"28":{"43":{"ann":"GHC.Integer.Type.Integer","ident":"lq_anf$##7205759403792807844","row":28,"col":43},"57":{"ann":"{v : GHC.Integer.Type.Integer | v == 0}","ident":"lq_anf$##7205759403792807846","row":28,"col":57},"22":{"ann":"{v : () | f == g\n          && v == unsoundEq ()}","ident":"lq_anf$##7205759403792807842","row":28,"col":22},"45":{"ann":"{v : GHC.Integer.Type.Integer | v == 0}","ident":"lq_anf$##7205759403792807843","row":28,"col":45},"1":{"ann":"() -> {VV : () | false}","ident":"Unsoundness.totalUnsoundness","row":28,"col":1},"55":{"ann":"GHC.Integer.Type.Integer","ident":"lq_anf$##7205759403792807847","row":28,"col":55},"32":{"ann":"{v : () | v == ()}","ident":"GHC.Tuple.()","row":28,"col":32}},"1":{"1":{"ann":"GHC.Types.Module","ident":"Unsoundness.$trModule","row":1,"col":1}},"34":{"7":{"ann":"{v : GHC.Integer.Type.Integer | v == x}","ident":"x","row":34,"col":7},"1":{"ann":"x1:GHC.Integer.Type.Integer -> {VV : GHC.Integer.Type.Integer | VV == g x1\n                                                                && VV == x1 + 2}","ident":"Unsoundness.g","row":34,"col":1},"11":{"ann":"{v : GHC.Integer.Type.Integer | v == 2}","ident":"lq_anf$##7205759403792807839","row":34,"col":11},"3":{"ann":"GHC.Integer.Type.Integer","ident":"x","row":34,"col":3}},"20":{"1":{"ann":"forall a b .\nx1:(a -> b) -> x3:(a -> b) -> (x6:a -> {VV : () | x1 x6 == x3 x6}) -> {VV : () | x1 == x3}","ident":"Unsoundness.funExt","row":20,"col":1}},"11":{"1":{"ann":"() -> {VV : () | false}","ident":"Unsoundness.client","row":11,"col":1},"16":{"ann":"GHC.Types.Int -> ()","ident":"Unsoundness.evidH","row":11,"col":16}},"33":{"7":{"ann":"{v : GHC.Integer.Type.Integer | v == x}","ident":"x","row":33,"col":7},"1":{"ann":"x1:GHC.Integer.Type.Integer -> {VV : GHC.Integer.Type.Integer | VV == f x1\n                                                                && VV == x1 + 1}","ident":"Unsoundness.f","row":33,"col":1},"11":{"ann":"{v : GHC.Integer.Type.Integer | v == 1}","ident":"lq_anf$##7205759403792807840","row":33,"col":11},"3":{"ann":"GHC.Integer.Type.Integer","ident":"x","row":33,"col":3}},"24":{"22":{"ann":"x1:GHC.Integer.Type.Integer -> {v : GHC.Integer.Type.Integer | v == f x1\n                                                               && v == x1 + 1}","ident":"Unsoundness.f","row":24,"col":22},"1":{"ann":"() -> {VV : () | f == g}","ident":"Unsoundness.unsoundEq","row":24,"col":1},"26":{"ann":"{v : () | v == ()}","ident":"_","row":24,"col":26},"24":{"ann":"x1:GHC.Integer.Type.Integer -> {v : GHC.Integer.Type.Integer | v == g x1\n                                                               && v == x1 + 2}","ident":"Unsoundness.g","row":24,"col":24}}},"sptypes":[{"start":{"line":1,"column":1},"ann":"GHC.Types.Module","ident":"Unsoundness.$trModule","stop":{"line":1,"column":1}},{"start":{"line":7,"column":1},"ann":"forall a . (a -> {VV : () | false}) -> {VV : () | false}","ident":"Unsoundness.hab","stop":{"line":7,"column":4}},{"start":{"line":11,"column":1},"ann":"() -> {VV : () | false}","ident":"Unsoundness.client","stop":{"line":11,"column":7}},{"start":{"line":11,"column":16},"ann":"GHC.Types.Int -> ()","ident":"Unsoundness.evidH","stop":{"line":11,"column":21}},{"start":{"line":15,"column":1},"ann":"GHC.Types.Int -> ()","ident":"Unsoundness.evidH","stop":{"line":15,"column":6}},{"start":{"line":20,"column":1},"ann":"forall a b .\nx1:(a -> b) -> x3:(a -> b) -> (x6:a -> {VV : () | x1 x6 == x3 x6}) -> {VV : () | x1 == x3}","ident":"Unsoundness.funExt","stop":{"line":20,"column":7}},{"start":{"line":24,"column":1},"ann":"() -> {VV : () | f == g}","ident":"Unsoundness.unsoundEq","stop":{"line":24,"column":10}},{"start":{"line":24,"column":22},"ann":"x1:GHC.Integer.Type.Integer -> {v : GHC.Integer.Type.Integer | v == f x1\n                                                               && v == x1 + 1}","ident":"Unsoundness.f","stop":{"line":24,"column":23}},{"start":{"line":24,"column":24},"ann":"x1:GHC.Integer.Type.Integer -> {v : GHC.Integer.Type.Integer | v == g x1\n                                                               && v == x1 + 2}","ident":"Unsoundness.g","stop":{"line":24,"column":25}},{"start":{"line":24,"column":26},"ann":"{v : () | v == ()}","ident":"_","stop":{"line":24,"column":36}},{"start":{"line":28,"column":1},"ann":"() -> {VV : () | false}","ident":"Unsoundness.totalUnsoundness","stop":{"line":28,"column":17}},{"start":{"line":28,"column":22},"ann":"{v : () | f == g\n          && v == unsoundEq ()}","ident":"lq_anf$##7205759403792807842","stop":{"line":28,"column":34}},{"start":{"line":28,"column":32},"ann":"{v : () | v == ()}","ident":"GHC.Tuple.()","stop":{"line":28,"column":34}},{"start":{"line":28,"column":43},"ann":"GHC.Integer.Type.Integer","ident":"lq_anf$##7205759403792807844","stop":{"line":28,"column":46}},{"start":{"line":28,"column":45},"ann":"{v : GHC.Integer.Type.Integer | v == 0}","ident":"lq_anf$##7205759403792807843","stop":{"line":28,"column":46}},{"start":{"line":28,"column":55},"ann":"GHC.Integer.Type.Integer","ident":"lq_anf$##7205759403792807847","stop":{"line":28,"column":58}},{"start":{"line":28,"column":57},"ann":"{v : GHC.Integer.Type.Integer | v == 0}","ident":"lq_anf$##7205759403792807846","stop":{"line":28,"column":58}},{"start":{"line":33,"column":1},"ann":"x1:GHC.Integer.Type.Integer -> {VV : GHC.Integer.Type.Integer | VV == f x1\n                                                                && VV == x1 + 1}","ident":"Unsoundness.f","stop":{"line":33,"column":2}},{"start":{"line":33,"column":3},"ann":"GHC.Integer.Type.Integer","ident":"x","stop":{"line":33,"column":4}},{"start":{"line":33,"column":7},"ann":"{v : GHC.Integer.Type.Integer | v == x}","ident":"x","stop":{"line":33,"column":8}},{"start":{"line":33,"column":11},"ann":"{v : GHC.Integer.Type.Integer | v == 1}","ident":"lq_anf$##7205759403792807840","stop":{"line":33,"column":12}},{"start":{"line":34,"column":1},"ann":"x1:GHC.Integer.Type.Integer -> {VV : GHC.Integer.Type.Integer | VV == g x1\n                                                                && VV == x1 + 2}","ident":"Unsoundness.g","stop":{"line":34,"column":2}},{"start":{"line":34,"column":3},"ann":"GHC.Integer.Type.Integer","ident":"x","stop":{"line":34,"column":4}},{"start":{"line":34,"column":7},"ann":"{v : GHC.Integer.Type.Integer | v == x}","ident":"x","stop":{"line":34,"column":8}},{"start":{"line":34,"column":11},"ann":"{v : GHC.Integer.Type.Integer | v == 2}","ident":"lq_anf$##7205759403792807839","stop":{"line":34,"column":12}}],"errors":[]}